,addrcode,Week,Year,predicted,actual,different
0,8001,7,2017,0.7001411143766951,0.858260195,0.15811908062330482
1,8001,8,2017,0.6768003533602694,0.541077079,0.13572327436026943
2,8001,9,2017,0.7017266689624305,0.541077079,0.1606495899624305
3,8001,10,2017,0.4529711224007086,0.578392739,0.1254216165992914
4,8001,11,2017,0.5567588779445221,0.559734909,0.0029760310554779457
5,8001,12,2017,0.5052620733882688,0.615708401,0.11044632761173123
6,8001,13,2017,0.4811279778302211,0.485103588,0.003975610169778876
7,8001,14,2017,0.5286434166844501,0.59705057,0.0684071533155498
8,8001,15,2017,0.4233324369060345,0.783628874,0.3602964370939655
9,8001,16,2017,0.5521207441741219,0.634366231,0.08224548682587807
10,8001,17,2017,0.6384126945497897,0.57839274,0.0600199545497897
11,8001,18,2017,0.4614011903422682,0.653024061,0.19162287065773181
12,8001,19,2017,0.5349916220157497,0.708997552,0.17400592998425035
13,8001,20,2017,0.569458787712381,0.6530240620000001,0.08356527428761906
14,8001,21,2017,0.5810005701165135,0.690339722,0.10933915188348653
15,8001,22,2017,0.5526094409229901,0.764971043,0.21236160207700983
16,8001,23,2017,0.5699890975916858,0.59705057,0.027061472408314136
17,8001,24,2017,0.6110507477634814,0.578392739,0.03265800876348146
18,8001,25,2017,0.5006089353237468,0.615708401,0.11509946567625318
19,8001,26,2017,0.5313266023833652,0.597050571,0.06572396861663488
20,8001,27,2017,0.5134581297808911,0.57839274,0.06493461021910885
21,8001,28,2017,0.4954011736793471,0.373156607,0.12224456667934713
22,8001,29,2017,0.5009003015437761,0.5037614189999999,0.0028611174562238606
23,8001,30,2017,0.3503697400523537,0.708997552,0.3586278119476463
24,8001,31,2017,0.4924842948289424,0.858260195,0.36577590017105754
25,8001,32,2017,0.5585568099308269,0.858260195,0.29970338506917304
26,8001,33,2017,0.656895199369072,0.597050571,0.059844628369072006
27,8001,34,2017,0.6638393939373752,0.6530240620000001,0.010815331937375161
28,8001,35,2017,0.5028558203180591,0.746313213,0.2434573926819409
29,8001,36,2017,0.6323205056559502,0.690339722,0.05801921634404983
30,8001,37,2017,0.5954665103817405,0.54107708,0.05438943038174049
31,8001,38,2017,0.5513594300563223,0.429130098,0.12222933205632225
32,8001,39,2017,0.4585438460070931,0.485103589,0.02655974299290692
33,8001,40,2017,0.4053494230131749,0.55973491,0.15438548698682508
34,8001,41,2017,0.4454978662255084,0.597050571,0.15155270477449162
35,8001,42,2017,0.447859189721089,0.54107708,0.09321789027891098
36,8001,43,2017,0.4738751184374443,0.615708401,0.14183328256255573
37,8001,44,2017,0.4550909764396439,0.690339722,0.23524874556035613
38,8001,45,2017,0.5179342481187061,0.615708401,0.09777415288129387
39,8001,46,2017,0.5446312581010314,0.764971043,0.22033978489896855
40,8002,7,2017,0.33188285917650445,0.401123145,0.06924028582349556
41,8002,8,2017,0.35883751951489645,0.26741543,0.09142208951489644
42,8002,9,2017,0.36464368359769855,0.26741543,0.09722825359769854
43,8002,10,2017,0.2995317049294954,0.133707715,0.16582398992949537
44,8002,11,2017,0.3416809449312754,0.133707715,0.20797322993127537
45,8002,12,2017,0.20464642427085256,0.401123145,0.19647672072914746
46,8002,13,2017,0.2353934157148781,0.26741543,0.032022014285121914
47,8002,14,2017,0.3991925637787376,0.0,0.3991925637787376
48,8002,15,2017,0.2378491773004936,0.26741543,0.029566252699506412
49,8002,16,2017,0.14051723717360526,0.401123145,0.26060590782639476
50,8002,17,2017,0.3701730006558731,0.26741543,0.1027575706558731
51,8002,18,2017,0.3282490062580562,0.26741543,0.06083357625805619
52,8002,19,2017,0.2687330954584112,0.668538575,0.39980547954158885
53,8002,20,2017,0.3367539268475088,0.668538575,0.3317846481524912
54,8002,21,2017,0.603630451313672,0.668538575,0.06490812368632803
55,8002,22,2017,0.5131768123068657,0.53483086,0.021654047693134282
56,8002,23,2017,0.6116392342332031,0.133707715,0.4779315192332031
57,8002,24,2017,0.5117566408627118,0.26741543,0.24434121086271177
58,8002,25,2017,0.24798874429368845,0.53483086,0.2868421157063116
59,8002,26,2017,0.404127239313104,0.80224629,0.398119050686896
60,8002,27,2017,0.4613734560846046,0.668538575,0.2071651189153954
61,8002,28,2017,0.6398592961314086,0.401123145,0.23873615113140856
62,8002,29,2017,0.5496744256312308,0.401123145,0.1485512806312308
63,8002,30,2017,0.4529632158168536,0.401123145,0.0518400708168536
64,8002,31,2017,0.4817562117853568,0.26741543,0.21434078178535682
65,8002,32,2017,0.4084938741393065,0.401123145,0.0073707291393064756
66,8002,33,2017,0.3071755563845449,0.401123145,0.0939475886154551
67,8002,34,2017,0.4370089650478421,0.935954005,0.49894503995215794
68,8002,35,2017,0.3665970858530275,1.06966172,0.7030646341469725
69,8002,36,2017,0.8134230316784283,0.53483086,0.2785921716784283
70,8002,37,2017,0.7824614386352122,0.53483086,0.2476305786352122
71,8002,38,2017,0.4939046357730882,0.401123145,0.09278149077308817
72,8002,39,2017,0.6515956392036149,0.133707715,0.5178879242036148
73,8002,40,2017,0.4082358903019678,0.26741543,0.14082046030196776
74,8002,41,2017,0.2391132769103209,0.53483086,0.2957175830896791
75,8002,42,2017,0.365089202285969,0.668538575,0.30344937271403105
76,8002,43,2017,0.4642293841860358,0.401123145,0.0631062391860358
77,8002,44,2017,0.5400383111396627,0.401123145,0.1389151661396627
78,8002,45,2017,0.3783812601104748,1.33707715,0.9586958898895253
79,8002,46,2017,0.4746576202199354,1.203369435,0.7287118147800645
80,8003,7,2017,0.16418770902391652,0.367125165,0.20293745597608345
81,8003,8,2017,0.3364516363430432,0.122375055,0.2140765813430432
82,8003,9,2017,0.3366487464659472,0.0,0.3366487464659472
83,8003,10,2017,0.14968022821509194,0.0,0.14968022821509194
84,8003,11,2017,0.16412746729521405,0.24475011,0.08062264270478595
85,8003,12,2017,0.12810148866002213,0.367125165,0.23902367633997784
86,8003,13,2017,0.2792693146972508,0.24475011,0.03451920469725081
87,8003,14,2017,0.3117146594467249,0.24475011,0.06696454944672489
88,8003,15,2017,0.2590506913097958,0.367125165,0.10807447369020418
89,8003,16,2017,0.32049252624122304,1.468500661,1.148008134758777
90,8003,17,2017,0.38024255458352507,1.468500661,1.088258106416475
91,8003,18,2017,1.1714377603307151,0.611875275,0.5595624853307151
92,8003,19,2017,0.9506110895113028,1.223750551,0.27313946148869717
93,8003,20,2017,0.6043125328741854,1.346125606,0.7418130731258146
94,8003,21,2017,1.266963267106919,1.101375496,0.16558777110691913
95,8003,22,2017,0.9873390462455118,0.97900044,0.00833860624551186
96,8003,23,2017,0.9284206251845676,1.101375496,0.17295487081543237
97,8003,24,2017,0.9292341826956452,1.590875716,0.6616415333043548
98,8003,25,2017,0.9893643055108804,1.468500661,0.4791363554891196
99,8003,26,2017,1.2936240158315977,1.101375496,0.19224851983159774
100,8003,27,2017,1.1176370494790768,0.611875276,0.5057617734790768
101,8003,28,2017,1.0049573896541983,0.979000441,0.025956948654198286
102,8003,29,2017,0.6902420709504645,0.8566253859999999,0.1663833150495354
103,8003,30,2017,0.9849610056830959,0.7342503309999999,0.25071067468309594
104,8003,31,2017,0.6743558928033722,1.713250771,1.0388948781966278
105,8003,32,2017,0.7083506985148211,1.590875716,0.8825250174851789
106,8003,33,2017,1.4421875662256194,0.7342503309999999,0.7079372352256195
107,8003,34,2017,1.0839628545466915,0.24475011,0.8392127445466915
108,8003,35,2017,0.7293669617381221,0.24475011,0.4846168517381221
109,8003,36,2017,0.5345672409304543,0.367125165,0.1674420759304543
110,8003,37,2017,0.4111296000012529,0.24475011,0.16637949000125293
111,8003,38,2017,0.3735762514574732,0.0,0.3735762514574732
112,8003,39,2017,0.24906357905223095,0.122375055,0.12668852405223097
113,8003,40,2017,0.12800695417825056,0.367125165,0.23911821082174942
114,8003,41,2017,0.2472314705279006,0.48950022,0.2422687494720994
115,8003,42,2017,0.3328600835054081,0.611875275,0.279015191494592
116,8003,43,2017,0.4015559376421933,0.97900044,0.5774445023578068
117,8003,44,2017,0.5356244477407237,0.8566253859999999,0.3210009382592762
118,8003,45,2017,0.8127871943775372,0.611875275,0.20091191937753716
119,8003,46,2017,0.6676046370036309,0.48950022,0.17810441700363094
120,8004,7,2017,0.2983589065251165,0.227928886,0.07043002052511649
121,8004,8,2017,0.1910821792591768,0.379881477,0.1887992977408232
122,8004,9,2017,0.2568273378076612,0.379881477,0.12305413919233882
123,8004,10,2017,0.3236302518367371,0.531834068,0.2082038161632629
124,8004,11,2017,0.3232630781296775,0.683786659,0.36052358087032255
125,8004,12,2017,0.4883786968643548,0.379881477,0.10849721986435479
126,8004,13,2017,0.5672726273831881,0.151952591,0.41532003638318804
127,8004,14,2017,0.3384305271793607,0.151952591,0.18647793617936068
128,8004,15,2017,0.28450417160358793,0.227928886,0.05657528560358793
129,8004,16,2017,0.2535787601854884,0.303905182,0.05032642181451158
130,8004,17,2017,0.2486105422422779,0.455857773,0.2072472307577221
131,8004,18,2017,0.2646877815129517,0.531834068,0.2671462864870483
132,8004,19,2017,0.3905641296066151,0.8357392490000001,0.445175119393385
133,8004,20,2017,0.4448918993971459,0.8357392490000001,0.39084734960285417
134,8004,21,2017,0.6945762990556503,0.531834068,0.16274223105565033
135,8004,22,2017,0.6505544990250638,0.531834068,0.1187204310250638
136,8004,23,2017,0.4763623832304446,0.379881477,0.09648090623044459
137,8004,24,2017,0.5569731849935438,0.379881477,0.17709170799354373
138,8004,25,2017,0.3699587722881584,0.303905182,0.06605359028815838
139,8004,26,2017,0.4006452370826139,0.455857773,0.05521253591738612
140,8004,27,2017,0.2968870737555378,0.607810363,0.3109232892444622
141,8004,28,2017,0.43940378813619896,0.683786659,0.24438287086380106
142,8004,29,2017,0.4999630320551128,0.683786659,0.18382362694488724
143,8004,30,2017,0.5664628337043339,0.379881477,0.1865813567043339
144,8004,31,2017,0.5893413423549142,0.607810364,0.018469021645085792
145,8004,32,2017,0.3757821120754979,0.911715545,0.535933432924502
146,8004,33,2017,0.6230020194588018,0.759762954,0.1367609345411982
147,8004,34,2017,0.7133142366351273,0.759762954,0.04644871736487277
148,8004,35,2017,0.589132435796009,0.911715545,0.3225831092039909
149,8004,36,2017,0.7138943544314702,1.063668136,0.3497737815685298
150,8004,37,2017,0.770997954600665,1.2915970209999998,0.5205990663993348
151,8004,38,2017,0.8502176467057451,0.98769184,0.13747419329425492
152,8004,39,2017,1.0167601373825286,0.455857773,0.5609023643825286
153,8004,40,2017,0.7865471532741541,0.531834068,0.25471308527415415
154,8004,41,2017,0.5257433262281482,0.379881477,0.1458618492281482
155,8004,42,2017,0.6124738444799116,0.227928886,0.3845449584799116
156,8004,43,2017,0.341383139275358,0.531834068,0.19045092872464198
157,8004,44,2017,0.2915307428190617,0.455857773,0.1643270301809383
158,8004,45,2017,0.5169238482080836,0.151952591,0.36497125720808354
159,8004,46,2017,0.3358175851928132,0.227928886,0.10788869919281319
160,8005,7,2017,0.9329233895115484,1.375421223,0.4424978334884516
161,8005,8,2017,0.6727250561023403,1.891204181,1.2184791248976596
162,8005,9,2017,1.1996981128697073,0.5157829589999999,0.6839151538697074
163,8005,10,2017,1.4186885570446084,0.0,1.4186885570446084
164,8005,11,2017,0.40866918270285735,0.171927653,0.23674152970285733
165,8005,12,2017,0.484033877132491,0.343855306,0.140178571132491
166,8005,13,2017,0.3636204728163737,0.343855306,0.01976516681637369
167,8005,14,2017,0.3124308882942126,0.171927653,0.1405032352942126
168,8005,15,2017,0.3201484050902146,0.171927653,0.14822075209021457
169,8005,16,2017,0.2365129017980588,0.687710612,0.4511977102019412
170,8005,17,2017,0.27696904079028595,1.031565917,0.754596876209714
171,8005,18,2017,0.6091261408219073,0.8596382640000001,0.2505121231780928
172,8005,19,2017,0.7491501550979448,1.891204181,1.142054025902055
173,8005,20,2017,0.6822885883840751,2.063131834,1.380843245615925
174,8005,21,2017,1.5945368112871017,1.031565917,0.5629708942871017
175,8005,22,2017,1.4386111835279374,0.687710612,0.7509005715279373
176,8005,23,2017,0.8851717735717128,0.343855306,0.5413164675717128
177,8005,24,2017,0.9180737998654848,0.343855306,0.5742184938654847
178,8005,25,2017,0.4672806925327632,0.687710612,0.22042991946723683
179,8005,26,2017,0.4542885529428754,0.8596382640000001,0.4053497110571247
180,8005,27,2017,0.6172015297636619,0.687710611,0.07050908123633803
181,8005,28,2017,0.668287761694885,0.8596382640000001,0.19135050230511508
182,8005,29,2017,0.5933503039960082,1.20349357,0.6101432660039918
183,8005,30,2017,0.8107319071854011,0.687710612,0.12302129518540106
184,8005,31,2017,0.984246394932252,0.171927653,0.812318741932252
185,8005,32,2017,0.5591514700248729,0.5157829589999999,0.043368511024872936
186,8005,33,2017,0.3859507751564678,0.687710611,0.30175983584353216
187,8005,34,2017,0.6248653864506519,1.20349357,0.5786281835493481
188,8005,35,2017,0.5347116168360948,1.031565917,0.4968543001639052
189,8005,36,2017,0.9798821633083143,0.859638265,0.12024389830831439
190,8005,37,2017,0.7685269679408381,0.859638265,0.09111129705916188
191,8005,38,2017,0.8184615512402346,0.171927653,0.6465338982402346
192,8005,39,2017,0.8109439708769761,0.8596382640000001,0.04869429312302398
193,8005,40,2017,0.2486635130548603,0.8596382640000001,0.6109747509451398
194,8005,41,2017,0.9313024381699568,0.0,0.9313024381699568
195,8005,42,2017,0.5792445417748925,0.171927653,0.40731688877489247
196,8005,43,2017,0.11817316780841165,0.171927653,0.05375448519158836
197,8005,44,2017,0.4526108345420719,0.171927653,0.2806831815420719
198,8005,45,2017,0.1808204338160178,0.687710612,0.5068901781839823
199,8005,46,2017,0.222751670037456,0.8596382640000001,0.6368865939625441
200,8006,7,2017,0.2260933714088951,0.8270516790000001,0.600958307591105
201,8006,8,2017,0.5297891708006697,0.590751199,0.060962028199330276
202,8006,9,2017,0.6056717917143294,0.35445072,0.2512210717143294
203,8006,10,2017,0.4669626791319248,0.23630048,0.2306621991319248
204,8006,11,2017,0.4254531089175149,0.35445072,0.07100238891751492
205,8006,12,2017,0.3293980314949053,0.472600959,0.14320292750509467
206,8006,13,2017,0.3809626627485412,0.472600959,0.0916382962514588
207,8006,14,2017,0.4024657063856447,0.472600959,0.07013525261435527
208,8006,15,2017,0.41363125611084106,0.23630048,0.17733077611084105
209,8006,16,2017,0.4447095339482329,0.35445072,0.09025881394823293
210,8006,17,2017,0.2675402341595157,0.47260096,0.2050607258404843
211,8006,18,2017,0.4048889665158383,0.11815024,0.28673872651583826
212,8006,19,2017,0.405427921295572,0.23630048,0.16912744129557197
213,8006,20,2017,0.14321287218119155,0.472600959,0.32938808681880843
214,8006,21,2017,0.3479734776668617,0.35445072,0.006477242333138289
215,8006,22,2017,0.4074634023440227,0.23630048,0.17116292234402267
216,8006,23,2017,0.27837483820520864,0.35445072,0.07607588179479136
217,8006,24,2017,0.27990894808753475,0.23630048,0.04360846808753474
218,8006,25,2017,0.3715827459212789,0.0,0.3715827459212789
219,8006,26,2017,0.21910918738373145,0.35445072,0.13534153261626855
220,8006,27,2017,0.09721195284679872,0.47260096,0.3753890071532013
221,8006,28,2017,0.3923109658564995,0.23630048,0.1560104858564995
222,8006,29,2017,0.3432826288880665,0.11815024,0.22513238888806647
223,8006,30,2017,0.23500832844542946,0.0,0.23500832844542946
224,8006,31,2017,0.2331066860600371,0.0,0.2331066860600371
225,8006,32,2017,0.10479346000019883,0.23630048,0.1315070199998012
226,8006,33,2017,0.10127779504855576,0.35445072,0.2531729249514442
227,8006,34,2017,0.2411241191277203,0.35445072,0.11332660087227969
228,8006,35,2017,0.277381299486834,0.23630048,0.04108081948683398
229,8006,36,2017,0.3212087637899631,0.0,0.3212087637899631
230,8006,37,2017,0.2514308027436958,0.0,0.2514308027436958
231,8006,38,2017,0.10410115802550662,0.23630048,0.13219932197449338
232,8006,39,2017,0.11663572337030975,0.35445072,0.23781499662969025
233,8006,40,2017,0.2346347499117315,0.11815024,0.1164845099117315
234,8006,41,2017,0.2766105478242582,0.0,0.2766105478242582
235,8006,42,2017,0.13197482135659638,0.11815024,0.01382458135659638
236,8006,43,2017,0.12820633383281935,0.23630048,0.10809414616718066
237,8006,44,2017,0.18773837668284896,0.11815024,0.06958813668284895
238,8006,45,2017,0.2155090063070198,0.11815024,0.0973587663070198
239,8006,46,2017,0.12541893790073974,0.23630048,0.11088154209926027
240,8007,7,2017,0.3609620665755648,0.057907233,0.3030548335755648
241,8007,8,2017,0.218614204100282,0.173721698,0.044892506100282004
242,8007,9,2017,0.1241665334532081,0.231628931,0.1074623975467919
243,8007,10,2017,0.2397907519958781,0.057907233,0.1818835189958781
244,8007,11,2017,0.21413041250495896,0.115814465,0.09831594750495895
245,8007,12,2017,0.10810813108602936,0.173721698,0.06561356691397065
246,8007,13,2017,0.2066599350837673,0.057907233,0.14875270208376729
247,8007,14,2017,0.18069976166345825,0.0,0.18069976166345825
248,8007,15,2017,0.10238539012741997,0.115814465,0.013429074872580035
249,8007,16,2017,0.100126303514255,0.115814465,0.015688161485745006
250,8007,17,2017,0.17030506989633004,0.057907233,0.11239783689633004
251,8007,18,2017,0.12497212561987553,0.173721698,0.04874957238012448
252,8007,19,2017,0.10860502140857947,0.173721698,0.06511667659142054
253,8007,20,2017,0.21301848170043872,0.115814465,0.09720401670043871
254,8007,21,2017,0.17196850816943482,0.173721698,0.0017531898305651883
255,8007,22,2017,0.1634464285349264,0.173721698,0.010275269465073594
256,8007,23,2017,0.2041031748901772,0.231628931,0.027525756109822802
257,8007,24,2017,0.17023810097124648,0.463257861,0.2930197600287535
258,8007,25,2017,0.2396655666886689,0.347443396,0.10777782931133112
259,8007,26,2017,0.3914180099682488,0.057907233,0.3335107769682488
260,8007,27,2017,0.2646477237586027,0.231628931,0.03301879275860267
261,8007,28,2017,0.14175647633746738,0.289536163,0.14777968666253263
262,8007,29,2017,0.31946156593319075,0.115814465,0.20364710093319074
263,8007,30,2017,0.2464554484796729,0.231628931,0.014826517479672896
264,8007,31,2017,0.14666611249589995,0.347443396,0.20077728350410007
265,8007,32,2017,0.2841691159416677,0.173721698,0.11044741794166771
266,8007,33,2017,0.3012798661678481,0.289536163,0.011743703167848063
267,8007,34,2017,0.17023678626287725,0.463257861,0.29302107473712274
268,8007,35,2017,0.3267415134922275,0.347443396,0.020701882507772496
269,8007,36,2017,0.3965583573377302,0.231628931,0.1649294263377302
270,8007,37,2017,0.27873487413835385,0.115814465,0.16292040913835384
271,8007,38,2017,0.26891326995270104,0.057907233,0.21100603695270104
272,8007,39,2017,0.16871804231665086,0.057907233,0.11081080931665085
273,8007,40,2017,0.12305250790200375,0.057907233,0.06514527490200375
274,8007,41,2017,0.12166066113401112,0.173721698,0.05206103686598888
275,8007,42,2017,0.09411972635234657,0.173721698,0.07960197164765344
276,8007,43,2017,0.18465056245688874,0.173721698,0.010928864456888732
277,8007,44,2017,0.16698818660035353,0.463257861,0.29626967439964647
278,8007,45,2017,0.20186520526511406,0.347443396,0.14557819073488595
279,8007,46,2017,0.4070457010478645,0.173721698,0.23332400304786452
280,8008,7,2017,0.340325699502185,0.223048991,0.117276708502185
281,8008,8,2017,0.2708924361270553,0.178439192,0.09245324412705533
282,8008,9,2017,0.22436631905113352,0.133829394,0.09053692505113353
283,8008,10,2017,0.2213794320238165,0.089219596,0.13215983602381648
284,8008,11,2017,0.19294686018304089,0.133829394,0.059117466183040895
285,8008,12,2017,0.15913905849320648,0.178439192,0.01930013350679352
286,8008,13,2017,0.19001103681932272,0.267658789,0.07764775218067729
287,8008,14,2017,0.19889781162261555,0.223048991,0.024151179377384452
288,8008,15,2017,0.27029979795671943,0.178439193,0.09186060495671944
289,8008,16,2017,0.22560244486373635,0.178439193,0.04716325186373635
290,8008,17,2017,0.23095847650916135,0.356878385,0.12591990849083867
291,8008,18,2017,0.2175716105022001,0.401488183,0.18391657249779989
292,8008,19,2017,0.3405658902133672,0.267658789,0.07290710121336719
293,8008,20,2017,0.33455082060004576,0.356878385,0.02232756439995426
294,8008,21,2017,0.2711424808854866,0.356878385,0.08573590411451343
295,8008,22,2017,0.3889721034383937,0.312268587,0.07670351643839374
296,8008,23,2017,0.3096629730563961,0.223048991,0.08661398205639612
297,8008,24,2017,0.3020140438043402,0.223048991,0.07896505280434021
298,8008,25,2017,0.26168230131530945,0.178439193,0.08324310831530946
299,8008,26,2017,0.26610555959072235,0.089219596,0.17688596359072234
300,8008,27,2017,0.19903677819094445,0.133829394,0.06520738419094446
301,8008,28,2017,0.14736756343784904,0.133829394,0.013538169437849051
302,8008,29,2017,0.1932095693786533,0.133829394,0.05938017537865331
303,8008,30,2017,0.16136748619748992,0.089219596,0.07214789019748992
304,8008,31,2017,0.17872088468734162,0.133829395,0.044891489687341635
305,8008,32,2017,0.14282372840695354,0.267658789,0.12483506059304647
306,8008,33,2017,0.1863599872018429,0.223048991,0.036689003798157094
307,8008,34,2017,0.2602150970611903,0.223048991,0.03716610606119028
308,8008,35,2017,0.2061430439904075,0.267658789,0.061515745009592504
309,8008,36,2017,0.2618929105227664,0.178439193,0.08345371752276642
310,8008,37,2017,0.2709536545584021,0.223048991,0.04790466355840209
311,8008,38,2017,0.1995831511191377,0.223048991,0.023465839880862316
312,8008,39,2017,0.2546331760573565,0.133829394,0.12080378205735653
313,8008,40,2017,0.22459350134990916,0.267658789,0.04306528765009085
314,8008,41,2017,0.17155840874504588,0.267658789,0.09610038025495413
315,8008,42,2017,0.2923681785224208,0.178439192,0.11392898652242081
316,8008,43,2017,0.2399296546054805,0.267658789,0.027729134394519517
317,8008,44,2017,0.209853704906769,0.267658789,0.05780508409323101
318,8008,45,2017,0.29328958389828025,0.223048991,0.07024059289828025
319,8008,46,2017,0.2466065659453648,0.267658789,0.021052223054635222
320,8009,7,2017,0.13689973283369786,0.094000865,0.042898867833697854
321,8009,8,2017,0.143865288026002,0.062667243,0.08119804502600199
322,8009,9,2017,0.10762773175221098,0.156668108,0.04904037624778902
323,8009,10,2017,0.09304348422542497,0.18800173,0.09495824577457504
324,8009,11,2017,0.1866874549388028,0.219335351,0.032647896061197224
325,8009,12,2017,0.18588352282043094,0.313336216,0.12745269317956906
326,8009,13,2017,0.2261444951860108,0.282002595,0.05585809981398923
327,8009,14,2017,0.2919391429244317,0.18800173,0.10393741292443168
328,8009,15,2017,0.2606899983256549,0.219335351,0.041354647325654914
329,8009,16,2017,0.22037514127839106,0.250668973,0.03029383172160896
330,8009,17,2017,0.2548082550637841,0.34466983799999995,0.08986158293621588
331,8009,18,2017,0.23275587949250304,0.438670703,0.20591482350749696
332,8009,19,2017,0.30384870730568564,0.407337081,0.10348837369431435
333,8009,20,2017,0.3732917056347759,0.313336216,0.05995548963477593
334,8009,21,2017,0.35484245278961146,0.282002595,0.07283985778961144
335,8009,22,2017,0.3251038084476726,0.5326715670000001,0.20756775855232745
336,8009,23,2017,0.2920315694000952,0.689339675,0.3973081055999048
337,8009,24,2017,0.4623100853061479,0.626672432,0.16436234669385208
338,8009,25,2017,0.522986546615662,0.5326715679999999,0.00968502138433791
339,8009,26,2017,0.4957764626824381,0.5326715679999999,0.03689510531756185
340,8009,27,2017,0.4789019137332437,0.438670702,0.04023121173324368
341,8009,28,2017,0.4981914090100723,0.407337081,0.09085432801007232
342,8009,29,2017,0.4062752848451957,0.564005189,0.15772990415480426
343,8009,30,2017,0.408996593263864,0.5326715670000001,0.12367497373613606
344,8009,31,2017,0.5043650629494114,0.376003459,0.12836160394941143
345,8009,32,2017,0.4324094722555847,0.34466983799999995,0.08773963425558473
346,8009,33,2017,0.3658773356898749,0.250668973,0.11520836268987489
347,8009,34,2017,0.36717964060465097,0.125334486,0.24184515460465097
348,8009,35,2017,0.2591053292672387,0.18800173,0.07110359926723872
349,8009,36,2017,0.191372202462466,0.18800173,0.0033704724624659954
350,8009,37,2017,0.22308147164339445,0.125334486,0.09774698564339446
351,8009,38,2017,0.1774252718382152,0.219335351,0.041910079161784825
352,8009,39,2017,0.1344577695957936,0.34466983799999995,0.21021206840420634
353,8009,40,2017,0.2257096124427605,0.250668973,0.02495936055723952
354,8009,41,2017,0.3007420988351217,0.34466983700000003,0.04392773816487833
355,8009,42,2017,0.2052466032031574,0.59533881,0.3900922067968426
356,8009,43,2017,0.3396394465430606,0.501337946,0.16169849945693943
357,8009,44,2017,0.4846681349971432,0.470004324,0.0146638109971432
358,8009,45,2017,0.3888458994990849,0.501337946,0.11249204650091515
359,8009,46,2017,0.4372828980527167,0.59533881,0.1580559119472833
360,8010,7,2017,0.6396597928483323,0.565269822,0.07438997084833232
361,8010,8,2017,0.6317039725215514,0.565269822,0.06643415052155144
362,8010,9,2017,0.49748687165622896,0.376846548,0.12064032365622895
363,8010,10,2017,0.5873869129044635,0.565269822,0.022117090904463566
364,8010,11,2017,0.40094031857091983,0.565269822,0.16432950342908015
365,8010,12,2017,0.5913119613684918,0.188423274,0.4028886873684918
366,8010,13,2017,0.4963102749887755,0.188423274,0.3078870009887755
367,8010,14,2017,0.26158498411294795,0.0,0.26158498411294795
368,8010,15,2017,0.35132754091133944,0.0,0.35132754091133944
369,8010,16,2017,0.10667554963342926,0.188423274,0.08174772436657074
370,8010,17,2017,0.15075039778813645,0.188423274,0.03767287621186355
371,8010,18,2017,0.2384759875696102,0.0,0.2384759875696102
372,8010,19,2017,0.1951127712226149,0.188423274,0.0066894972226148874
373,8010,20,2017,0.10633431701533408,0.565269822,0.4589355049846659
374,8010,21,2017,0.2928596258070578,0.565269822,0.27241019619294216
375,8010,22,2017,0.483577588888209,0.188423274,0.295154314888209
376,8010,23,2017,0.4394955502356089,0.565269822,0.1257742717643911
377,8010,24,2017,0.257936170598512,1.130539644,0.872603473401488
378,8010,25,2017,0.6335615887031668,0.565269822,0.06829176670316683
379,8010,26,2017,0.8669804222394213,0.188423274,0.6785571482394213
380,8010,27,2017,0.4084537641113323,0.565269822,0.1568160578886677
381,8010,28,2017,0.4128068656886923,0.94211637,0.5293095043113077
382,8010,29,2017,0.63367018573179,0.7536930959999999,0.12002291026820988
383,8010,30,2017,0.7291589545897539,0.376846548,0.3523124065897539
384,8010,31,2017,0.5992191045647525,0.565269822,0.03394928256475249
385,8010,32,2017,0.4608323187458307,0.376846548,0.08398577074583069
386,8010,33,2017,0.6407333883979328,0.188423274,0.4523101143979328
387,8010,34,2017,0.3518461326937221,0.565269822,0.21342368930627786
388,8010,35,2017,0.3045569095638805,0.376846548,0.07228963843611952
389,8010,36,2017,0.584744112083309,0.376846548,0.207897564083309
390,8010,37,2017,0.2984184176211713,0.7536930959999999,0.4552746783788286
391,8010,38,2017,0.4440491199113655,0.94211637,0.49806725008863456
392,8010,39,2017,0.6765547074466931,1.695809467,1.0192547595533068
393,8010,40,2017,0.7310874299110578,1.695809467,0.9647220370889421
394,8010,41,2017,1.360680649772397,0.7536930959999999,0.6069875537723972
395,8010,42,2017,1.2292788398589274,0.565269822,0.6640090178589274
396,8010,43,2017,0.7245604917683811,0.7536930959999999,0.029132604231618786
397,8010,44,2017,0.8035566547365085,0.94211637,0.13855971526349153
398,8010,45,2017,0.7390683963782291,0.94211637,0.20304797362177096
399,8010,46,2017,0.7813729968076891,0.565269822,0.21610317480768915
400,8011,7,2017,0.1525967218025754,0.134607619,0.017989102802575402
401,8011,8,2017,0.12349769345753585,0.134607619,0.011109925542464164
402,8011,9,2017,0.17826251344880992,0.201911429,0.023648915551190086
403,8011,10,2017,0.14398998808183044,0.134607619,0.009382369081830433
404,8011,11,2017,0.2327874208019419,0.0,0.2327874208019419
405,8011,12,2017,0.17531595313466866,0.0,0.17531595313466866
406,8011,13,2017,0.10785879186224867,0.06730381,0.040554981862248665
407,8011,14,2017,0.11790798090485648,0.134607619,0.016699638095143535
408,8011,15,2017,0.13618234061575307,0.134607619,0.0015747216157530608
409,8011,16,2017,0.17078008031248376,0.134607619,0.03617246131248375
410,8011,17,2017,0.17301299854258942,0.06730381,0.10570918854258941
411,8011,18,2017,0.1835616090602793,0.0,0.1835616090602793
412,8011,19,2017,0.12980930685224226,0.134607619,0.0047983121477577495
413,8011,20,2017,0.10281031106732402,0.201911429,0.09910111793267598
414,8011,21,2017,0.20205055181618936,0.134607619,0.06744293281618935
415,8011,22,2017,0.20629332780424267,0.134607619,0.07168570880424266
416,8011,23,2017,0.15866693702648607,0.269215238,0.11054830097351395
417,8011,24,2017,0.20160511549602114,0.471126666,0.26952155050397886
418,8011,25,2017,0.28751650855419475,0.336519047,0.049002538445805266
419,8011,26,2017,0.4016167923069647,0.06730381,0.33431298230696466
420,8011,27,2017,0.2843103989143385,0.06730381,0.2170065889143385
421,8011,28,2017,0.17843843774483675,0.134607619,0.04383081874483674
422,8011,29,2017,0.2053451021165206,0.134607619,0.07073748311652059
423,8011,30,2017,0.187521712612316,0.06730381,0.120217902612316
424,8011,31,2017,0.16869343775963105,0.06730381,0.10138962775963105
425,8011,32,2017,0.13526129877855556,0.134607619,0.0006536797785555437
426,8011,33,2017,0.1514065058249633,0.06730381,0.08410269582496328
427,8011,34,2017,0.1831948778792472,0.06730381,0.1158910678792472
428,8011,35,2017,0.1171603833862936,0.134607619,0.01744723561370641
429,8011,36,2017,0.15454253839093435,0.134607619,0.019934919390934336
430,8011,37,2017,0.17282195215340646,0.134607619,0.03821433315340644
431,8011,38,2017,0.15946229378608412,0.201911429,0.042449135213915884
432,8011,39,2017,0.1769446254825738,0.134607619,0.0423370064825738
433,8011,40,2017,0.2297539772356056,0.0,0.2297539772356056
434,8011,41,2017,0.17064820577050693,0.336519047,0.16587084122949308
435,8011,42,2017,0.08491322297829605,0.403822857,0.3189096340217039
436,8011,43,2017,0.36376246816018304,0.201911429,0.16185103916018304
437,8011,44,2017,0.2975828779611571,0.134607619,0.1629752589611571
438,8011,45,2017,0.2309082641562509,0.134607619,0.09630064515625089
439,8011,46,2017,0.23046045533955806,0.201911429,0.028549026339558053
440,8012,7,2017,0.3863401300401945,0.794164029,0.40782389895980553
441,8012,8,2017,0.5483913465013851,0.680712025,0.13232067849861495
442,8012,9,2017,0.5328866434432068,0.8508900309999999,0.31800338755679314
443,8012,10,2017,0.5496713014361545,0.5672600210000001,0.017588719563845556
444,8012,11,2017,0.7408250263616756,0.397082015,0.34374301136167557
445,8012,12,2017,0.4612498627117162,0.397082015,0.06416784771171619
446,8012,13,2017,0.4429486970725039,0.340356013,0.10259268407250388
447,8012,14,2017,0.3942576140253672,0.340356013,0.053901601025367174
448,8012,15,2017,0.3164998883535929,0.226904008,0.0895958803535929
449,8012,16,2017,0.3243659027392528,0.17017800600000002,0.1541878967392528
450,8012,17,2017,0.22994584768477014,0.113452004,0.11649384368477014
451,8012,18,2017,0.188174159294774,0.283630011,0.09545585170522602
452,8012,19,2017,0.14270152966615762,0.453808017,0.3111064873338424
453,8012,20,2017,0.27192952716517904,0.510534019,0.2386044918348209
454,8012,21,2017,0.3460516942891349,0.397082015,0.05103032071086511
455,8012,22,2017,0.40400894339210985,0.226904008,0.17710493539210986
456,8012,23,2017,0.3208047920882345,0.28363001,0.03717478208823449
457,8012,24,2017,0.23820444470494975,0.226904008,0.011300436704949762
458,8012,25,2017,0.3116425831005638,0.17017800600000002,0.1414645771005638
459,8012,26,2017,0.19312363332957672,0.17017800600000002,0.022945627329576695
460,8012,27,2017,0.1723961515507278,0.05672600200000001,0.11567014955072778
461,8012,28,2017,0.17725202458453473,0.283630011,0.10637798641546528
462,8012,29,2017,0.08885168900908076,0.397082015,0.30823032599091926
463,8012,30,2017,0.291254042150885,0.28363001,0.0076240321508850295
464,8012,31,2017,0.291996296735417,0.226904008,0.065092288735417
465,8012,32,2017,0.2373235994357376,0.226904008,0.010419591435737618
466,8012,33,2017,0.2493519884144084,0.28363001,0.034278021585591595
467,8012,34,2017,0.2232674982682167,0.113452004,0.10981549426821671
468,8012,35,2017,0.2576332129308686,0.0,0.2576332129308686
469,8012,36,2017,0.12700153624632404,0.113452004,0.013549532246324048
470,8012,37,2017,0.06985909434459582,0.17017800600000002,0.1003189116554042
471,8012,38,2017,0.14471247937476595,0.17017800600000002,0.025465526625234075
472,8012,39,2017,0.10886421249429734,0.113452004,0.004587791505702654
473,8012,40,2017,0.13344110838008627,0.0,0.13344110838008627
474,8012,41,2017,0.12800018544978298,0.113452004,0.014548181449782982
475,8012,42,2017,0.04589928757170052,0.226904008,0.18100472042829946
476,8012,43,2017,0.14321766172087294,0.623986023,0.48076836127912703
477,8012,44,2017,0.17831739795792925,0.680712025,0.5023946270420708
478,8012,45,2017,0.4791505354198917,0.397082015,0.08206852041989171
479,8012,46,2017,0.44985377690828293,0.226904009,0.22294976790828294
480,8013,7,2017,0.19382293508194906,0.079743545,0.11407939008194906
481,8013,8,2017,0.12217434206228743,0.15948709,0.03731274793771257
482,8013,9,2017,0.14651840427491747,0.15948709,0.01296868572508253
483,8013,10,2017,0.2037692284201385,0.15948709,0.044282138420138506
484,8013,11,2017,0.1951355043882928,0.079743545,0.1153919593882928
485,8013,12,2017,0.21964442535328135,0.079743545,0.13990088035328135
486,8013,13,2017,0.15867531596187426,0.15948709,0.0008117740381257399
487,8013,14,2017,0.1749433940994047,0.239230634,0.06428723990059529
488,8013,15,2017,0.21574050031167707,0.159487089,0.056253411311677076
489,8013,16,2017,0.2568386524884546,0.079743545,0.1770951074884546
490,8013,17,2017,0.2005811790463768,0.318974179,0.11839299995362323
491,8013,18,2017,0.1758416280440843,0.318974179,0.14313255095591573
492,8013,19,2017,0.3542131936577006,0.318974179,0.035239014657700574
493,8013,20,2017,0.2772143236525263,0.318974179,0.04175985534747373
494,8013,21,2017,0.34251919299400074,0.15948709,0.18303210299400074
495,8013,22,2017,0.3452963045625671,0.239230634,0.1060656705625671
496,8013,23,2017,0.21692550727537765,0.159487089,0.057438418275377656
497,8013,24,2017,0.3148687941016096,0.159487089,0.15538170510160962
498,8013,25,2017,0.1958030848357015,0.239230634,0.0434275491642985
499,8013,26,2017,0.2330165938866465,0.079743545,0.1532730488866465
500,8013,27,2017,0.27184328818309944,0.478461269,0.20661798081690058
501,8013,28,2017,0.13598170415510136,0.6379483579999999,0.5019666538448986
502,8013,29,2017,0.4975667246171083,0.239230634,0.2583360906171083
503,8013,30,2017,0.4809981558493882,0.15948709,0.3215110658493882
504,8013,31,2017,0.2506816850952386,0.239230634,0.011451051095238585
505,8013,32,2017,0.32646200254847146,0.159487089,0.16697491354847147
506,8013,33,2017,0.29771481059647553,0.079743545,0.21797126559647553
507,8013,34,2017,0.1957723759519106,0.15948709,0.036285285951910606
508,8013,35,2017,0.1716007418833614,0.079743545,0.09185719688336141
509,8013,36,2017,0.23714457017129464,0.0,0.23714457017129464
510,8013,37,2017,0.13089134542321695,0.079743545,0.051147800423216955
511,8013,38,2017,0.11277552129889346,0.239230634,0.12645511270110654
512,8013,39,2017,0.16655725420684347,0.239230634,0.07267337979315652
513,8013,40,2017,0.24804903584007135,0.239230634,0.00881840184007135
514,8013,41,2017,0.2372149066005062,0.239230634,0.002015727399493794
515,8013,42,2017,0.2738038589488829,0.15948709,0.11431676894888293
516,8013,43,2017,0.2757540281775802,0.15948709,0.11626693817758021
517,8013,44,2017,0.2186977315966453,0.15948709,0.0592106415966453
518,8013,45,2017,0.2383467437518089,0.15948709,0.0788596537518089
519,8013,46,2017,0.2110841277582185,0.079743545,0.1313405827582185
520,8014,7,2017,0.3160439557339312,0.056982655,0.2590613007339312
521,8014,8,2017,0.18063496022024306,0.113965309,0.06666965122024306
522,8014,9,2017,0.16279406573499994,0.113965309,0.04882875673499994
523,8014,10,2017,0.1826381484834638,0.17094796399999998,0.011690184483463817
524,8014,11,2017,0.15441906274884695,0.17094796399999998,0.016528901251153028
525,8014,12,2017,0.2151976452334809,0.113965309,0.1012323362334809
526,8014,13,2017,0.198991122740768,0.056982655,0.142008467740768
527,8014,14,2017,0.16932368955191468,0.113965309,0.05535838055191468
528,8014,15,2017,0.14094132152195632,0.17094796399999998,0.03000664247804366
529,8014,16,2017,0.17732102447763462,0.17094796399999998,0.00637306047763464
530,8014,17,2017,0.19729366028936365,0.113965309,0.08332835128936365
531,8014,18,2017,0.18839383878389748,0.056982655,0.1314111837838975
532,8014,19,2017,0.1618992364863766,0.17094796399999998,0.009048727513623372
533,8014,20,2017,0.13521694442482354,0.113965309,0.021251635424823542
534,8014,21,2017,0.2217943983545858,0.0,0.2217943983545858
535,8014,22,2017,0.14192614588771282,0.056982655,0.08494349088771283
536,8014,23,2017,0.07484199008108315,0.056982655,0.01785933508108315
537,8014,24,2017,0.13572774609906693,0.227930618,0.09220287190093307
538,8014,25,2017,0.10127655981696586,0.284913273,0.18363671318303415
539,8014,26,2017,0.2468370055850965,0.17094796399999998,0.07588904158509652
540,8014,27,2017,0.24081733215576775,0.17094796399999998,0.06986936815576777
541,8014,28,2017,0.1896370143390843,0.056982655,0.13265435933908432
542,8014,29,2017,0.2344227731331061,0.17094796399999998,0.06347480913310613
543,8014,30,2017,0.12255540559912688,0.227930618,0.10537521240087312
544,8014,31,2017,0.2412778083688553,0.113965309,0.1273124993688553
545,8014,32,2017,0.2204824624249645,0.284913273,0.06443081057503552
546,8014,33,2017,0.15321565604603984,0.34189592700000004,0.1886802709539602
547,8014,34,2017,0.3203082920451803,0.227930618,0.0923776740451803
548,8014,35,2017,0.2962511014497285,0.17094796399999998,0.1253031374497285
549,8014,36,2017,0.2452521792733539,0.113965309,0.1312868702733539
550,8014,37,2017,0.2324390660400387,0.056982655,0.1754564110400387
551,8014,38,2017,0.17778640665745093,0.113965309,0.06382109765745093
552,8014,39,2017,0.1239833139892643,0.113965309,0.010018004989264293
553,8014,40,2017,0.17147844041295335,0.0,0.17147844041295335
554,8014,41,2017,0.14331232529339802,0.0,0.14331232529339802
555,8014,42,2017,0.07135681135404183,0.0,0.07135681135404183
556,8014,43,2017,0.10051824854770976,0.056982655,0.04353559354770976
557,8014,44,2017,0.07190370386670804,0.113965309,0.04206160513329196
558,8014,45,2017,0.10856232059084976,0.113965309,0.005402988409150239
559,8014,46,2017,0.13982345052598405,0.056982655,0.08284079552598406
560,8015,7,2017,0.2194598125029252,0.20469153,0.014768282502925195
561,8015,8,2017,0.3170797526868349,0.0,0.3170797526868349
562,8015,9,2017,0.26520288706502376,0.20469153,0.06051135706502375
563,8015,10,2017,0.11083796249874127,0.40938306,0.29854509750125874
564,8015,11,2017,0.3151989376342659,0.40938306,0.09418412236573415
565,8015,12,2017,0.3665468286081743,0.40938306,0.04283623139182574
566,8015,13,2017,0.3733066821321479,0.40938306,0.036076377867852116
567,8015,14,2017,0.4282852624676636,0.20469153,0.22359373246766356
568,8015,15,2017,0.4284411657330143,0.20469153,0.22374963573301426
569,8015,16,2017,0.2733884715276694,0.81876612,0.5453776484723307
570,8015,17,2017,0.322132828101913,1.637532239,1.3153994108980869
571,8015,18,2017,0.7288785403041805,1.22814918,0.4992706396958194
572,8015,19,2017,1.2011002643381552,0.20469153,0.9964087343381551
573,8015,20,2017,0.8662409728236733,0.81876612,0.04747485282367325
574,8015,21,2017,0.41163701296000493,1.02345765,0.6118206370399952
575,8015,22,2017,1.0064983467985766,0.20469153,0.8018068167985766
576,8015,23,2017,0.7338286447763628,0.20469153,0.5291371147763628
577,8015,24,2017,0.2370318470977825,0.20469153,0.032340317097782484
578,8015,25,2017,0.4865371532004006,0.0,0.4865371532004006
579,8015,26,2017,0.26602379634669937,0.20469153,0.06133226634669936
580,8015,27,2017,0.10842075199769666,0.40938306,0.3009623080023034
581,8015,28,2017,0.311921930796443,0.40938306,0.09746112920355704
582,8015,29,2017,0.3628359041758889,0.40938306,0.04654715582411112
583,8015,30,2017,0.3718553123165378,0.40938306,0.03752774768346223
584,8015,31,2017,0.428947338299444,0.40938306,0.01956427829944396
585,8015,32,2017,0.4276839730571163,0.61407459,0.18639061694288367
586,8015,33,2017,0.427542820727641,0.61407459,0.18653176927235898
587,8015,34,2017,0.5811821698377418,0.20469153,0.37649063983774184
588,8015,35,2017,0.5350291661111911,0.61407459,0.07904542388880886
589,8015,36,2017,0.28067533264653105,0.61407459,0.3333992573534689
590,8015,37,2017,0.6826220809066369,0.0,0.6826220809066369
591,8015,38,2017,0.4774522705524431,0.0,0.4774522705524431
592,8015,39,2017,0.12389663834483695,0.61407459,0.49017795165516304
593,8015,40,2017,0.2689267721178557,0.81876612,0.5498393478821444
594,8015,41,2017,0.565882762826454,0.20469153,0.361191232826454
595,8015,42,2017,0.5762486625113563,0.0,0.5762486625113563
596,8015,43,2017,0.2314700639328505,0.61407459,0.38260452606714945
597,8015,44,2017,0.2768906618997156,0.61407459,0.33718392810028436
598,8015,45,2017,0.6212938258325906,0.20469153,0.4166022958325906
599,8015,46,2017,0.42199860741287454,0.40938306,0.012615547412874517
600,8016,7,2017,0.8295072659604876,0.39034444,0.4391628259604876
601,8016,8,2017,0.5807071410698288,0.468413328,0.11229381306982877
602,8016,9,2017,0.4975731363509842,0.546482216,0.04890907964901581
603,8016,10,2017,0.4846909287999131,0.468413328,0.016277600799913083
604,8016,11,2017,0.4755486625502726,0.468413328,0.0071353345502725984
605,8016,12,2017,0.4224319541382931,0.312275552,0.11015640213829309
606,8016,13,2017,0.4607999908327256,0.39034444,0.07045555083272559
607,8016,14,2017,0.31194522456635343,0.468413328,0.1564681034336466
608,8016,15,2017,0.416316778070742,0.234206664,0.182110114070742
609,8016,16,2017,0.4131502797056728,0.078068888,0.3350813917056728
610,8016,17,2017,0.23833669576757416,0.078068888,0.16026780776757416
611,8016,18,2017,0.1988030771565596,0.0,0.1988030771565596
612,8016,19,2017,0.16806289507573965,0.0,0.16806289507573965
613,8016,20,2017,0.06812532944951251,0.156137776,0.0880124465504875
614,8016,21,2017,0.08791998577542348,0.234206664,0.14628667822457653
615,8016,22,2017,0.1903005939622848,0.156137776,0.03416281796228479
616,8016,23,2017,0.19308155993161805,0.078068888,0.11501267193161804
617,8016,24,2017,0.15931131510201665,0.468413328,0.30910201289798334
618,8016,25,2017,0.15035749073413118,0.624551104,0.47419361326586884
619,8016,26,2017,0.4328347557911935,0.234206664,0.1986280917911935
620,8016,27,2017,0.43342514719307934,0.234206664,0.19921848319307933
621,8016,28,2017,0.20891465532921996,0.156137776,0.052776879329219956
622,8016,29,2017,0.35702615163817397,0.0,0.35702615163817397
623,8016,30,2017,0.19707772103841406,0.234206664,0.03712894296158595
624,8016,31,2017,0.0979913453209402,0.312275552,0.2142842066790598
625,8016,32,2017,0.284308281063568,0.234206664,0.05010161706356797
626,8016,33,2017,0.246419590288916,0.156137776,0.09028181428891599
627,8016,34,2017,0.22508815911607769,0.234206664,0.009118504883922324
628,8016,35,2017,0.2090262773470788,0.234206664,0.025180386652921216
629,8016,36,2017,0.2720255068842739,0.0,0.2720255068842739
630,8016,37,2017,0.2148250526279913,0.078068888,0.13675616462799128
631,8016,38,2017,0.07057837010791577,0.156137776,0.08555940589208423
632,8016,39,2017,0.1713670826154594,0.078068888,0.0932981946154594
633,8016,40,2017,0.14851517412904516,0.156137776,0.007622601870954843
634,8016,41,2017,0.1036317592032676,0.624551104,0.5209193447967324
635,8016,42,2017,0.20166838634815154,0.702619992,0.5009516056518485
636,8016,43,2017,0.5134280610412683,0.39034444,0.12308362104126824
637,8016,44,2017,0.4900966408265201,0.234206664,0.2558899768265201
638,8016,45,2017,0.3611707866960012,0.468413328,0.1072425413039988
639,8016,46,2017,0.3298514185199201,0.702619992,0.3727685734800799
640,8017,7,2017,0.7248541029678065,0.0,0.7248541029678065
641,8017,8,2017,0.3257141519111585,0.0,0.3257141519111585
642,8017,9,2017,0.22228655506276426,0.21353833,0.008748225062764264
643,8017,10,2017,0.2012824803513885,0.320307495,0.11902501464861151
644,8017,11,2017,0.2579203343552853,0.106769165,0.15115116935528528
645,8017,12,2017,0.28931313957135185,0.106769165,0.18254397457135185
646,8017,13,2017,0.16022553248673804,0.320307495,0.16008196251326196
647,8017,14,2017,0.2373558005843945,0.320307495,0.08295169441560549
648,8017,15,2017,0.3427107175067187,0.21353833,0.12917238750671872
649,8017,16,2017,0.2916578114053016,0.106769165,0.18488864640530162
650,8017,17,2017,0.2673342971946341,0.533845825,0.2665115278053659
651,8017,18,2017,0.210400388147666,0.533845825,0.32344543685233396
652,8017,19,2017,0.5256388017154607,0.320307495,0.20533130671546074
653,8017,20,2017,0.4015416797605447,0.533845825,0.13230414523945527
654,8017,21,2017,0.35440726279388113,0.21353833,0.14086893279388113
655,8017,22,2017,0.5695397869492003,0.106769165,0.46277062194920027
656,8017,23,2017,0.21273707497712166,0.21353833,0.0008012550228783388
657,8017,24,2017,0.2659756279270184,0.106769165,0.1592064629270184
658,8017,25,2017,0.2864421330265342,0.0,0.2864421330265342
659,8017,26,2017,0.14896935966821398,0.106769165,0.04220019466821398
660,8017,27,2017,0.12005601896715623,0.21353833,0.09348231103284377
661,8017,28,2017,0.2035777693949196,0.533845826,0.3302680566050804
662,8017,29,2017,0.2306453176189173,0.960922486,0.7302771683810827
663,8017,30,2017,0.4779903993333072,0.533845825,0.05585542566669277
664,8017,31,2017,0.7518363040782086,0.0,0.7518363040782086
665,8017,32,2017,0.4142894002421471,0.106769165,0.3075202352421471
666,8017,33,2017,0.22840679277231934,0.106769165,0.12163762777231935
667,8017,34,2017,0.3187839957975158,0.0,0.3187839957975158
668,8017,35,2017,0.14932726669461993,0.0,0.14932726669461993
669,8017,36,2017,0.10051427715533544,0.0,0.10051427715533544
670,8017,37,2017,0.1180885225813382,0.106769165,0.011319357581338202
671,8017,38,2017,0.08976818542267312,0.21353833,0.12377014457732688
672,8017,39,2017,0.16533480888034754,0.106769165,0.058565643880347545
673,8017,40,2017,0.22513660580502196,0.106769165,0.11836744080502196
674,8017,41,2017,0.15491584975371225,0.106769165,0.048146684753712254
675,8017,42,2017,0.1985287126133706,0.106769165,0.0917595476133706
676,8017,43,2017,0.1739910208728711,0.106769165,0.0672218558728711
677,8017,44,2017,0.16956463659592852,0.0,0.16956463659592852
678,8017,45,2017,0.1803272789421918,0.0,0.1803272789421918
679,8017,46,2017,0.0923933935412247,0.106769165,0.014375771458775305
680,8018,7,2017,0.2348763125121093,0.0,0.2348763125121093
681,8018,8,2017,0.10508005430769714,0.0,0.10508005430769714
682,8018,9,2017,0.16707525613378527,0.0,0.16707525613378527
683,8018,10,2017,0.08732646440349111,0.0,0.08732646440349111
684,8018,11,2017,0.10064728952523486,0.0,0.10064728952523486
685,8018,12,2017,0.10093918344383723,0.0,0.10093918344383723
686,8018,13,2017,0.1010194113662917,0.0,0.1010194113662917
687,8018,14,2017,0.09999480183676768,0.0,0.09999480183676768
688,8018,15,2017,0.10148750228764823,0.260606693,0.15911919071235175
689,8018,16,2017,0.10127093646945236,0.781820078,0.6805491415305476
690,8018,17,2017,0.2975373317761433,0.521213385,0.22367605322385675
691,8018,18,2017,0.6247954003955236,0.0,0.6247954003955236
692,8018,19,2017,0.3762307618652375,0.0,0.3762307618652375
693,8018,20,2017,0.18829050197366126,0.0,0.18829050197366126
694,8018,21,2017,0.2391716249321012,0.0,0.2391716249321012
695,8018,22,2017,0.10076871166901756,0.260606693,0.15983798133098243
696,8018,23,2017,0.09262588351792916,0.260606693,0.16798080948207084
697,8018,24,2017,0.2926280508264959,0.0,0.2926280508264959
698,8018,25,2017,0.23382648830684705,0.0,0.23382648830684705
699,8018,26,2017,0.10506454176663024,0.0,0.10506454176663024
700,8018,27,2017,0.16391380765042754,0.260606693,0.09669288534957246
701,8018,28,2017,0.09800838324124601,0.260606693,0.162598309758754
702,8018,29,2017,0.2950606276624828,0.0,0.2950606276624828
703,8018,30,2017,0.2355048379624319,0.260606693,0.025101855037568094
704,8018,31,2017,0.10862535056621336,0.260606693,0.15198134243378664
705,8018,32,2017,0.3657869027048965,0.0,0.3657869027048965
706,8018,33,2017,0.23454973318249706,0.0,0.23454973318249706
707,8018,34,2017,0.10771904767070087,0.0,0.10771904767070087
708,8018,35,2017,0.1693467907442671,0.0,0.1693467907442671
709,8018,36,2017,0.10044236511347593,0.0,0.10044236511347593
710,8018,37,2017,0.09440176502724046,0.0,0.09440176502724046
711,8018,38,2017,0.09541497416545927,0.0,0.09541497416545927
712,8018,39,2017,0.09082485108194167,0.0,0.09082485108194167
713,8018,40,2017,0.09626443611419874,0.0,0.09626443611419874
714,8018,41,2017,0.09895407542499048,0.0,0.09895407542499048
715,8018,42,2017,0.09175731684184003,0.0,0.09175731684184003
716,8018,43,2017,0.0951838390441712,0.0,0.0951838390441712
717,8018,44,2017,0.09857528605515524,0.0,0.09857528605515524
718,8018,45,2017,0.09933473798071576,0.0,0.09933473798071576
719,8018,46,2017,0.09351489946320284,0.0,0.09351489946320284
720,8019,7,2017,0.620915361372916,0.159078617,0.461836744372916
721,8019,8,2017,0.2963603788470536,0.318157233,0.02179685415294641
722,8019,9,2017,0.33727756747336946,0.159078617,0.17819895047336945
723,8019,10,2017,0.3620792239521713,0.0,0.3620792239521713
724,8019,11,2017,0.1753507873494727,0.0,0.1753507873494727
725,8019,12,2017,0.1391337155891872,0.0,0.1391337155891872
726,8019,13,2017,0.13281519018320842,0.0,0.13281519018320842
727,8019,14,2017,0.08665947613324601,0.0,0.08665947613324601
728,8019,15,2017,0.08907081075215591,0.0,0.08907081075215591
729,8019,16,2017,0.08846360160635912,0.159078617,0.07061501539364089
730,8019,17,2017,0.089234571063917,0.159078617,0.06984404593608301
731,8019,18,2017,0.20568366401781624,0.0,0.20568366401781624
732,8019,19,2017,0.16602350808230865,0.159078617,0.006944891082308641
733,8019,20,2017,0.0914033177408562,0.47723585,0.3858325322591438
734,8019,21,2017,0.25011866969683755,0.47723585,0.22711718030316247
735,8019,22,2017,0.4131980898247492,0.318157233,0.09504085682474922
736,8019,23,2017,0.3724224039669368,0.318157233,0.05426517096693684
737,8019,24,2017,0.3387523765658904,0.795393083,0.4566407064341096
738,8019,25,2017,0.3799218100955618,0.9544717,0.5745498899044382
739,8019,26,2017,0.6911920584545209,0.318157234,0.3730348244545209
740,8019,27,2017,0.6985740866310854,0.159078617,0.5394954696310854
741,8019,28,2017,0.3141546589459865,0.159078617,0.15507604194598648
742,8019,29,2017,0.3898665416412271,0.0,0.3898665416412271
743,8019,30,2017,0.2549051087159898,0.0,0.2549051087159898
744,8019,31,2017,0.09275921886055707,0.0,0.09275921886055707
745,8019,32,2017,0.1270932439317417,0.159078617,0.0319853730682583
746,8019,33,2017,0.08641281633958359,0.47723585,0.39082303366041643
747,8019,34,2017,0.20484661022627576,0.318157234,0.11331062377372425
748,8019,35,2017,0.4029646389568429,0.0,0.4029646389568429
749,8019,36,2017,0.2606920554702245,0.159078617,0.1016134384702245
750,8019,37,2017,0.13441599156828946,0.636314467,0.5018984754317106
751,8019,38,2017,0.28846174773453537,0.47723585,0.18877410226546465
752,8019,39,2017,0.5198637875441423,0.0,0.5198637875441423
753,8019,40,2017,0.3328812771140851,0.159078617,0.1738026601140851
754,8019,41,2017,0.14495228406102906,0.159078617,0.014126332938970948
755,8019,42,2017,0.32851682129399484,0.0,0.32851682129399484
756,8019,43,2017,0.16399498727154405,0.318157234,0.15416224672845596
757,8019,44,2017,0.09054592183118784,0.318157234,0.22761131216881217
758,8019,45,2017,0.3701011293323132,0.0,0.3701011293323132
759,8019,46,2017,0.24531011721074755,0.0,0.24531011721074755
760,8020,7,2017,0.4816333315712668,0.917767988,0.4361346564287332
761,8020,8,2017,0.7335930261909079,0.458883994,0.2747090321909079
762,8020,9,2017,0.6905189427494822,0.6883259909999999,0.002192951749482308
763,8020,10,2017,0.4653797711684462,0.80304699,0.3376672188315538
764,8020,11,2017,0.7541745034904264,0.458883994,0.29529050949042634
765,8020,12,2017,0.6653581324674521,0.573604993,0.09175313946745212
766,8020,13,2017,0.4400808938878855,0.573604993,0.1335240991121145
767,8020,14,2017,0.6360816041660841,0.344162995,0.29191860916608403
768,8020,15,2017,0.5186515859904901,0.229441997,0.2892095889904901
769,8020,16,2017,0.376940136974812,0.573604993,0.19666485602518802
770,8020,17,2017,0.3450298166703093,0.6883259909999999,0.3432961743296906
771,8020,18,2017,0.5633976395459698,0.229441997,0.33395564254596977
772,8020,19,2017,0.5408053703731117,0.114720998,0.4260843723731117
773,8020,20,2017,0.2613717592759331,0.114720998,0.14665076127593307
774,8020,21,2017,0.3141520082175034,0.344162995,0.03001098678249664
775,8020,22,2017,0.21897467059829345,0.803046989,0.5840723184017066
776,8020,23,2017,0.3522234887469816,1.032488987,0.6802654982530184
777,8020,24,2017,0.646176886374166,0.6883259909999999,0.04214910462583388
778,8020,25,2017,0.77867270247476,0.917767988,0.1390952855252401
779,8020,26,2017,0.5848889237052802,1.032488987,0.4476000632947198
780,8020,27,2017,0.9004407121369993,1.032488987,0.13204827486300075
781,8020,28,2017,0.8425543213776676,1.261930983,0.41937666162233245
782,8020,29,2017,0.8789749035671205,0.458883994,0.4200909095671205
783,8020,30,2017,1.0838200656993346,0.458883994,0.6249360716993346
784,8020,31,2017,0.4235436824686191,1.3766519819999998,0.9531082995313807
785,8020,32,2017,0.673545091533291,2.064977974,1.391432882466709
786,8020,33,2017,1.148593427499032,1.7208149780000002,0.5722215505009682
787,8020,34,2017,1.4500415376962843,1.3766519819999998,0.07338955569628447
788,8020,35,2017,1.274170623728711,0.917767988,0.3564026357287109
789,8020,36,2017,1.2874087365103777,0.458883994,0.8285247425103777
790,8020,37,2017,0.9245567444034244,1.032488986,0.10793224159657555
791,8020,38,2017,0.5940769692451684,0.917767988,0.32369101875483164
792,8020,39,2017,1.0077047463212092,0.80304699,0.2046577563212092
793,8020,40,2017,0.6639695393813441,1.261930983,0.597961443618656
794,8020,41,2017,0.7627525416715101,1.491372981,0.72862043932849
795,8020,42,2017,1.100945273046117,1.491372981,0.39042770795388315
796,8020,43,2017,1.133853084845673,1.261930983,0.12807789815432713
797,8020,44,2017,1.2086073663543755,1.032488987,0.17611837935437546
798,8020,45,2017,1.0958353619594312,1.032488987,0.06334637495943118
799,8020,46,2017,0.9750028903944667,0.80304699,0.17195590039446673
800,8021,7,2017,0.2865698093110656,0.0,0.2865698093110656
801,8021,8,2017,0.17156941947051682,0.0,0.17156941947051682
802,8021,9,2017,0.13693133629803875,0.298855384,0.16192404770196125
803,8021,10,2017,0.1311000476268176,0.298855384,0.1677553363731824
804,8021,11,2017,0.3234745470307048,0.149427692,0.17404685503070477
805,8021,12,2017,0.2540622963823517,0.149427692,0.10463460438235173
806,8021,13,2017,0.2212156682942899,0.0,0.2212156682942899
807,8021,14,2017,0.25523806441965513,0.0,0.25523806441965513
808,8021,15,2017,0.10331789569603617,0.149427692,0.046109796303963835
809,8021,16,2017,0.1379416749510969,0.149427692,0.011486017048903091
810,8021,17,2017,0.21121299818720932,0.0,0.21121299818720932
811,8021,18,2017,0.1704469468185677,0.597710768,0.4272638211814323
812,8021,19,2017,0.09796824342349976,1.195421536,1.0974532925765002
813,8021,20,2017,0.5864401561639745,0.597710768,0.011270611836025513
814,8021,21,2017,0.8559102234151028,0.74713846,0.10877176341510286
815,8021,22,2017,0.42927346111398496,0.896566152,0.46729269088601505
816,8021,23,2017,0.8348050656539598,0.448283076,0.38652198965395984
817,8021,24,2017,0.7516312277408197,0.597710768,0.1539204597408197
818,8021,25,2017,0.4238965602264301,0.74713846,0.3232418997735699
819,8021,26,2017,0.6825541359406598,0.896566152,0.21401201605934017
820,8021,27,2017,0.6358192581391731,0.597710768,0.03810849013917306
821,8021,28,2017,0.7551177850901911,0.448283076,0.3068347090901911
822,8021,29,2017,0.5359518505149095,0.74713846,0.2111866094850905
823,8021,30,2017,0.5349516145989729,0.597710768,0.06275915340102711
824,8021,31,2017,0.7170052944874092,0.149427692,0.5675776024874093
825,8021,32,2017,0.4924711453429375,0.597710768,0.10523962265706249
826,8021,33,2017,0.26985434230043226,0.597710768,0.32785642569956774
827,8021,34,2017,0.6713728236382528,0.298855384,0.3725174396382528
828,8021,35,2017,0.4449346167884337,0.597710768,0.1527761512115663
829,8021,36,2017,0.34356216023870445,0.896566152,0.5530039917612956
830,8021,37,2017,0.6341135243201026,0.597710768,0.03640275632010259
831,8021,38,2017,0.7125631574465391,0.0,0.7125631574465391
832,8021,39,2017,0.4938018824439132,0.298855384,0.1949464984439132
833,8021,40,2017,0.1956127033155032,0.298855384,0.1032426806844968
834,8021,41,2017,0.4807965471111276,0.0,0.4807965471111276
835,8021,42,2017,0.2480508926336722,0.149427692,0.09862320063367219
836,8021,43,2017,0.1048581416854619,0.597710768,0.4928526263145381
837,8021,44,2017,0.28823983718079604,0.448283076,0.16004323881920396
838,8021,45,2017,0.5087933063701715,0.149427692,0.3593656143701715
839,8021,46,2017,0.3301991411422952,0.448283076,0.1180839348577048
840,8022,7,2017,0.6583003229247949,0.700893639,0.04259331607520511
841,8022,8,2017,0.561075843023626,0.700893639,0.139817795976374
842,8022,9,2017,0.6901015803868632,0.35044682,0.3396547603868632
843,8022,10,2017,0.5945250489920386,0.700893639,0.1063685900079614
844,8022,11,2017,0.3865841028045135,0.8761170490000001,0.4895329461954866
845,8022,12,2017,0.7375822226930691,1.051340459,0.3137582363069309
846,8022,13,2017,0.6925820440736906,1.051340459,0.35875841492630933
847,8022,14,2017,0.8761488729595175,0.52567023,0.3504786429595175
848,8022,15,2017,0.8838962936779019,0.52567023,0.3582260636779019
849,8022,16,2017,0.5340945069486596,0.35044682,0.18364768694865957
850,8022,17,2017,0.6568215295906683,0.0,0.6568215295906683
851,8022,18,2017,0.37510187564902425,0.0,0.37510187564902425
852,8022,19,2017,0.15743193622988816,0.17522341,0.017791473770111838
853,8022,20,2017,0.19481486250832847,0.35044682,0.15563195749167152
854,8022,21,2017,0.2328021061426854,0.35044682,0.11764471385731459
855,8022,22,2017,0.3251025100736545,0.52567023,0.20056771992634553
856,8022,23,2017,0.3240716032526835,0.8761170490000001,0.5520454457473165
857,8022,24,2017,0.5040859710187251,0.8761170490000001,0.372031077981275
858,8022,25,2017,0.7318926535516119,0.52567023,0.2062224235516119
859,8022,26,2017,0.6945074142622117,0.52567023,0.16883718426221173
860,8022,27,2017,0.523367001953585,0.700893639,0.17752663704641503
861,8022,28,2017,0.6086815685638747,0.52567023,0.08301133856387466
862,8022,29,2017,0.6469832805195507,0.17522341,0.4717598705195507
863,8022,30,2017,0.4750285011575473,0.35044682,0.12458168115754731
864,8022,31,2017,0.29818801377857296,0.700893639,0.40270562522142705
865,8022,32,2017,0.4638568658966579,0.700893639,0.2370367731033421
866,8022,33,2017,0.5937866483525572,0.52567023,0.06811641835255722
867,8022,34,2017,0.557203080005499,0.17522341,0.38197967000549904
868,8022,35,2017,0.5192353416969905,0.0,0.5192353416969905
869,8022,36,2017,0.2991994546572128,0.17522341,0.12397604465721282
870,8022,37,2017,0.1976403219215017,0.17522341,0.022416911921501692
871,8022,38,2017,0.2769865335414653,0.35044682,0.0734602864585347
872,8022,39,2017,0.1856982054126028,0.35044682,0.1647486145873972
873,8022,40,2017,0.3671475108507957,0.0,0.3671475108507957
874,8022,41,2017,0.3283635291984223,0.0,0.3283635291984223
875,8022,42,2017,0.1078244962758832,0.17522341,0.0673989137241168
876,8022,43,2017,0.19150434075487727,0.35044682,0.15894247924512273
877,8022,44,2017,0.2315214406096536,0.35044682,0.11892537939034639
878,8022,45,2017,0.3221961592136817,0.35044682,0.02825066078631827
879,8022,46,2017,0.3260836330392544,0.17522341,0.15086022303925442
880,8023,7,2017,0.589321981087672,0.481850306,0.10747167508767197
881,8023,8,2017,0.7455554127771371,0.481850306,0.2637051067771371
882,8023,9,2017,0.3989818537954828,0.481850306,0.08286845220451722
883,8023,10,2017,0.5953528861506812,0.160616769,0.43473611715068117
884,8023,11,2017,0.4764104525948275,0.160616769,0.3157936835948275
885,8023,12,2017,0.2351572888377062,0.160616769,0.07454051983770621
886,8023,13,2017,0.3098935245798864,0.321233537,0.011340012420113621
887,8023,14,2017,0.22047625073518226,0.481850306,0.2613740552648177
888,8023,15,2017,0.3444361452721121,0.160616769,0.1838193762721121
889,8023,16,2017,0.4268447878121069,0.160616769,0.2662280188121069
890,8023,17,2017,0.1908097723797528,0.160616769,0.03019300337975281
891,8023,18,2017,0.3055876213869867,0.481850305,0.17626268361301328
892,8023,19,2017,0.2215725481987858,0.803083842,0.5815112938012142
893,8023,20,2017,0.4646491363607976,0.481850306,0.01720116963920243
894,8023,21,2017,0.6310429242818569,0.321233537,0.3098093872818569
895,8023,22,2017,0.4019711344415763,0.321233537,0.08073759744157627
896,8023,23,2017,0.4350299859985927,0.321233537,0.1137964489985927
897,8023,24,2017,0.3866201125919537,0.160616769,0.22600334359195373
898,8023,25,2017,0.3466821275044261,0.160616769,0.18606535850442613
899,8023,26,2017,0.22316486744043693,0.160616769,0.06254809844043693
900,8023,27,2017,0.2603873882283788,0.160616769,0.09977061922837882
901,8023,28,2017,0.21962304987873335,0.321233537,0.10161048712126666
902,8023,29,2017,0.2220022460563663,0.160616769,0.061385477056366294
903,8023,30,2017,0.3439632927313853,0.0,0.3439632927313853
904,8023,31,2017,0.1848513565630066,0.0,0.1848513565630066
905,8023,32,2017,0.14393656120590462,0.321233537,0.1772969757940954
906,8023,33,2017,0.13802925620023568,0.321233537,0.18320428079976434
907,8023,34,2017,0.3351380305339319,0.0,0.3351380305339319
908,8023,35,2017,0.2587071797491695,0.0,0.2587071797491695
909,8023,36,2017,0.10717223657756693,0.0,0.10717223657756693
910,8023,37,2017,0.17648916293983458,0.0,0.17648916293983458
911,8023,38,2017,0.08935858258203759,0.0,0.08935858258203759
912,8023,39,2017,0.08740394076605916,0.160616769,0.07321282823394083
913,8023,40,2017,0.08937237605986534,0.321233537,0.23186116094013468
914,8023,41,2017,0.2149610276906396,0.321233537,0.10627250930936041
915,8023,42,2017,0.2957290825982065,0.481850306,0.1861212234017935
916,8023,43,2017,0.3013737600769449,0.321233537,0.019859776923055128
917,8023,44,2017,0.468243502517506,0.160616769,0.307626733517506
918,8023,45,2017,0.31010961657598113,0.321233537,0.011123920424018885
919,8023,46,2017,0.2661631283312731,0.321233537,0.05507040866872692
920,MAE,,,,,0.20890610380635036
