"","addrcode","date","hi","ci","bi"
"1","810405","2017-06-01",22.5,6.47,22.5
"2","810405","2017-06-01",15,4.52,17.5
"3","800409","2017-06-01",17,3.18,17
"4","800904","2017-06-01",25,4.51,27.5
"5","800912","2017-06-01",15,8.95,42.5
"6","800903","2017-06-01",17.5,3.93,22.5
"7","801104","2017-06-01",26,4.28,26
"8","801104","2017-06-01",22.5,3.79,22.5
"9","801003","2017-06-01",20,6.22,30
"10","801701","2017-06-01",10,1.61,10
"11","801704","2017-06-01",10,1.14,10
"12","801702","2017-06-01",7.5,0.83,7.5
"13","801302","2017-06-01",8.75,4.15,35
"14","801302","2017-06-01",11.25,4.45,41.25
"15","801302","2017-06-01",10,4.33,37.5
"16","801302","2017-06-01",11.25,4.99,45
"17","801302","2017-06-01",10,3.98,36.25
"18","810115","2017-05-01",25,7.19,25
"19","800907","2017-05-01",17.5,2.68,17.5
"20","800910","2017-05-01",17.5,3.05,20
"21","800910","2017-05-01",17.5,6.15,27.5
"22","801107","2017-05-01",15.5,2.47,15.5
"23","801001","2017-05-01",15,7.32,22.5
"24","810205","2017-04-01",12.5,9.6,72.5
"25","810115","2017-04-01",17.5,12.85,57.5
"26","810504","2017-04-01",12.5,11.06,55
"27","801503","2017-04-01",15,8.63,60
"28","800801","2017-04-01",12.5,8.11,45
"29","802101","2017-04-01",15,7.52,60
"30","801003","2017-04-01",20,10.3,85
"31","800203","2017-04-01",10,6.51,47.5
"32","802002","2017-04-01",10,8.17,42.5
"33","800305","2017-04-01",22.5,13.48,107.5
"34","801402","2017-04-01",10,6.21,45
"35","810115","2017-03-01",7.5,6.52,22.5
"36","800706","2017-03-01",8.75,3.27,30
"37","800706","2017-03-01",8.75,3.75,36.25
"38","800904","2017-03-01",17.5,8.78,45
"39","800909","2017-03-01",20,2.67,12.5
"40","800912","2017-03-01",22.5,5.65,32.5
"41","800912","2017-03-01",32.5,6.93,35
"42","800910","2017-03-01",15,4.48,22.5
"43","801003","2017-03-01",20,4.74,22.5
"44","801701","2017-03-01",7.5,0.82,7.5
"45","801702","2017-03-01",7.5,0.86,7.5
"46","801302","2017-03-01",11.25,4.69,42.5
"47","810304","2017-02-01",20,8.2,25
"48","810205","2017-02-01",15,10.65,77.5
"49","810407","2017-02-01",22.5,5.5,15
"50","810407","2017-02-01",17.5,6.67,17.5
"51","810405","2017-02-01",5,1.71,5
"52","810115","2017-02-01",12.5,8.21,27.5
"53","810702","2017-02-01",15,3.19,15
"54","810504","2017-02-01",7.5,5.81,25
"55","801503","2017-02-01",20,10.21,72.5
"56","800409","2017-02-01",23.33,2.98,23.33
"57","800710","2017-02-01",11.67,6.48,49.17
"58","800913","2017-02-01",15,3.1,20
"59","800909","2017-02-01",25,4.01,27.5
"60","800912","2017-02-01",60,11.18,92.5
"61","800910","2017-02-01",17.5,4.64,27.5
"62","802101","2017-02-01",20,8.28,67.5
"63","801003","2017-02-01",22.5,12.38,100
"64","801701","2017-02-01",7.5,0.79,7.5
"65","801704","2017-02-01",7.5,0.8,7.5
"66","801702","2017-02-01",5,0.5,5
"67","800203","2017-02-01",12.5,7.02,52.5
"68","800502","2017-02-01",18.75,2.53,18.75
"69","801302","2017-02-01",10,4.76,42.5
"70","801402","2017-02-01",12.5,7.51,55
"71","810115","2017-01-01",22.5,13.01,40
"72","800409","2017-01-01",17.5,2.16,17.5
"73","800708","2017-01-01",10,8.11,60
"74","800710","2017-01-01",10,4.95,46.25
"75","800709","2017-01-01",13.75,4.85,47.5
"76","800711","2017-01-01",7.5,4.44,40
"77","800705","2017-01-01",12.5,4.96,47.5
"78","800913","2017-01-01",50,23.18,135
"79","800907","2017-01-01",27.5,10.33,62.5
"80","800904","2017-01-01",75,28.57,195
"81","800909","2017-01-01",30,10.6,57.5
"82","800912","2017-01-01",42.5,7.98,52.5
"83","800912","2017-01-01",42.5,13.38,52.5
"84","801104","2017-01-01",36.25,3.62,36.25
"85","801104","2017-01-01",28.75,2.85,28.75
"86","801701","2017-01-01",7.5,0.85,7.5
"87","801702","2017-01-01",5,0.61,5
"88","801703","2017-01-01",7.5,0.79,7.5
"89","800502","2017-01-01",20,2.11,20
"90","801904","2016-12-01",12.5,4.89,42.5
"91","103005","2016-12-01",0,0,0
"92","800409","2016-12-01",15.19,2.2,15.19
"93","801107","2016-12-01",16,2.48,16
"94","801701","2016-12-01",7.5,0.82,7.5
"95","801704","2016-12-01",5,0.63,5
"96","801702","2016-12-01",5,0.59,5
"97","800502","2016-12-01",20.83,2.38,20.83
"98","800705","2016-11-01",5,2.32,20
"99","801104","2016-11-01",14.17,2.14,14.17
"100","800710","2016-10-01",12.5,6.3,42.5
"101","800710","2016-10-01",10,6.28,37.5
"102","800703","2016-10-01",7.5,2.58,22.5
"103","800705","2016-10-01",5,2.01,17.5
"104","801107","2016-10-01",12.5,1.97,12.5
"105","801107","2016-10-01",15,2.08,15
"106","801107","2016-10-01",17.5,2.67,17.5
"107","801104","2016-10-01",20,3.01,20
"108","800409","2016-09-01",11.67,1.2,11.67
"109","800703","2016-09-01",15,4.4,38.75
"110","800705","2016-09-01",12.5,7.54,47.5
"111","801107","2016-09-01",10,1.15,10
"112","801701","2016-09-01",7.5,0.68,7.5
"113","801704","2016-09-01",7.5,0.72,7.5
"114","801702","2016-09-01",5,0.66,5
"115","801703","2016-09-01",10,1.09,10
"116","800502","2016-09-01",8.75,0.81,8.75
"117","810402","2016-08-01",15,6.06,25
"118","810403","2016-08-01",20,6.34,22.5
"119","810403","2016-08-01",17.5,4.76,17.5
"120","810803","2016-08-01",6.67,3.02,20
"121","810803","2016-08-01",10,2.7,13.33
"122","801904","2016-08-01",10,3.47,28.75
"123","801904","2016-08-01",8.75,2.77,22.5
"124","801904","2016-08-01",10,3.59,28.75
"125","800409","2016-08-01",10.83,1.76,10.83
"126","800708","2016-08-01",7.5,1.88,17.5
"127","800707","2016-08-01",12.5,4.4,37.5
"128","800709","2016-08-01",8.75,2.67,23.75
"129","800709","2016-08-01",11.25,3.29,28.75
"130","800703","2016-08-01",10,3.39,32.5
"131","800703","2016-08-01",15,8.7,55
"132","801107","2016-08-01",10,1.72,10
"133","801107","2016-08-01",15,2.7,15
"134","801107","2016-08-01",23.81,3.92,23.81
"135","801107","2016-08-01",13.89,2.09,13.89
"136","801003","2016-08-01",20,9.05,73.33
"137","801701","2016-08-01",2.5,0.23,2.5
"138","801701","2016-08-01",5,0.61,5
"139","801701","2016-08-01",5,0.56,5
"140","801702","2016-08-01",5,0.55,5
"141","801702","2016-08-01",7.5,0.96,7.5
"142","800502","2016-08-01",11.25,1.66,11.25
"143","810115","2016-07-01",20,8.91,30
"144","810115","2016-07-01",33.33,12.55,96.67
"145","800415","2016-07-01",12.5,1.92,12.5
"146","800404","2016-07-01",10,1.47,10
"147","800404","2016-07-01",12.5,1.92,12.5
"148","800404","2016-07-01",15,2.51,15
"149","800409","2016-07-01",21.25,3.28,21.25
"150","800705","2016-07-01",10,2.91,26.25
"151","800705","2016-07-01",7.5,1.86,15
"152","800705","2016-07-01",7.5,2.69,20
"153","800705","2016-07-01",8.75,2.88,22.5
"154","800705","2016-07-01",5,1.7,11.25
"155","801701","2016-07-01",5,0.48,5
"156","801701","2016-07-01",7.5,0.74,7.5
"157","801701","2016-07-01",5,0.48,5
"158","801704","2016-07-01",5,0.48,5
"159","801702","2016-07-01",5,0.5,5
"160","801302","2016-07-01",12.5,2.77,27.5
"161","810115","2016-06-01",36.67,13.39,150
"162","810115","2016-06-01",16.67,8,73.33
"163","730616","2016-06-01",0,0,0
"164","800409","2016-06-01",15.83,3.12,15.83
"165","800708","2016-06-01",7.5,1.57,17.5
"166","800708","2016-06-01",7.5,2.46,22.5
"167","800710","2016-06-01",15,3.24,30
"168","800710","2016-06-01",8.75,2.47,20
"169","800710","2016-06-01",11.25,3.63,30
"170","800710","2016-06-01",7.5,1.86,12.5
"171","800710","2016-06-01",10,2.31,18.75
"172","801107","2016-06-01",11.25,1.97,11.25
"173","801107","2016-06-01",9.01,1.45,9.01
"174","801104","2016-06-01",12.5,1.83,12.5
"175","801104","2016-06-01",15,2.18,15
"176","801105","2016-06-01",10,1.43,10
"177","801105","2016-06-01",17.5,2.43,17.5
"178","801105","2016-06-01",15,2.26,15
"179","801701","2016-06-01",5,0.57,5
"180","801701","2016-06-01",5,0.57,5
"181","801701","2016-06-01",7.5,0.84,7.5
"182","801704","2016-06-01",5,0.53,5
"183","801703","2016-06-01",7.5,0.84,7.5
"184","800502","2016-06-01",15,2.31,15
"185","800113","2016-06-01",16.67,7.51,53.33
"186","800409","2016-05-01",22.5,3.49,22.5
"187","800709","2016-05-01",11.25,3.36,23.75
"188","800709","2016-05-01",7.5,2.3,16.25
"189","800709","2016-05-01",5,1.64,12.5
"190","800709","2016-05-01",6.25,2.01,15
"191","800709","2016-05-01",10,2.56,21.25
"192","801107","2016-05-01",31.25,4.84,31.25
"193","801107","2016-05-01",12.2,1.76,12.2
"194","801107","2016-05-01",15,2.31,15
"195","801107","2016-05-01",17.5,2.4,17.5
"196","801107","2016-05-01",15,2.7,15
"197","801104","2016-05-01",30,4.27,30
"198","801104","2016-05-01",22.5,3.67,22.5
"199","801104","2016-05-01",20,3.19,20
"200","801701","2016-05-01",7.5,0.81,7.5
"201","801701","2016-05-01",5,0.58,5
"202","801704","2016-05-01",5,0.47,5
"203","801702","2016-05-01",7.5,0.86,7.5
"204","801703","2016-05-01",7.5,0.81,7.5
"205","760208","2016-05-01",3,0.59,3
"206","750209","2016-05-01",7,1.7,10
"207","810304","2016-04-01",10,5,23.33
"208","810406","2016-04-01",7.5,2.45,10
"209","810407","2016-04-01",7.5,1.75,7.5
"210","800706","2016-04-01",12.5,4.11,28.75
"211","800706","2016-04-01",10,3.37,27.5
"212","800706","2016-04-01",13.75,4.15,32.5
"213","800706","2016-04-01",8.75,2.17,13.75
"214","800706","2016-04-01",11.25,3.42,22.5
"215","800705","2016-04-01",5,2.24,17.5
"216","800705","2016-04-01",7.5,1.59,11.25
"217","800705","2016-04-01",7.5,2.96,15
"218","800705","2016-04-01",7.5,4.41,22.5
"219","801107","2016-04-01",15,2.84,15
"220","801107","2016-04-01",15,2.7,15
"221","801107","2016-04-01",23.81,3.92,23.81
"222","801107","2016-04-01",13.89,2.18,13.89
"223","801701","2016-04-01",5,0.65,5
"224","801702","2016-04-01",7.5,0.87,7.5
"225","801702","2016-04-01",7.5,0.7,7.5
"226","801702","2016-04-01",5,0.5,5
"227","801703","2016-04-01",2.5,0.26,2.5
"228","800502","2016-04-01",18.75,2.69,18.75
"229","800502","2016-04-01",17.5,3.01,17.5
"230","810302","2016-03-01",50,14.64,87.5
"231","810304","2016-03-01",27.5,8.46,42.5
"232","730213","2016-03-01",0,0,0
"233","730402","2016-03-01",0,0,0
"234","730303","2016-03-01",0,0,0
"235","730607","2016-03-01",0,0,0
"236","801503","2016-03-01",10,2.4,16.67
"237","801904","2016-03-01",8.75,1.81,15
"238","800409","2016-03-01",16.67,1.96,16.67
"239","800409","2016-03-01",15,2.35,15
"240","800709","2016-03-01",11.25,2.55,22.5
"241","800709","2016-03-01",7.5,1.94,15
"242","800703","2016-03-01",7.5,1.95,16.25
"243","800703","2016-03-01",7.5,1.52,12.5
"244","800705","2016-03-01",12.5,3.46,32.5
"245","800611","2016-03-01",12.5,3.07,32.5
"246","800809","2016-03-01",10,4.37,33.33
"247","800902","2016-03-01",6.67,1.4,6.67
"248","801107","2016-03-01",12.5,1.97,12.5
"249","801107","2016-03-01",12.5,2.18,12.5
"250","801107","2016-03-01",17.5,2.64,17.5
"251","801104","2016-03-01",20,2.94,20
"252","801104","2016-03-01",12.5,1.92,12.5
"253","801104","2016-03-01",15,2.63,15
"254","801104","2016-03-01",15,2.74,15
"255","801101","2016-03-01",12.5,1.93,12.5
"256","801101","2016-03-01",12.5,2.06,12.5
"257","802102","2016-03-01",10,2.94,10
"258","801701","2016-03-01",10,4.3,27.5
"259","801701","2016-03-01",5,0.44,5
"260","801704","2016-03-01",15,0.96,15
"261","801704","2016-03-01",7.5,0.63,7.5
"262","801702","2016-03-01",7.5,0.65,7.5
"263","801702","2016-03-01",10,0.87,10
"264","800201","2016-03-01",17.5,4.18,30
"265","800502","2016-03-01",20,2.11,20
"266","800502","2016-03-01",21.67,3.2,20.83
"267","801302","2016-03-01",8.75,2.87,22.5
"268","801302","2016-03-01",7.5,2.75,20
"269","801302","2016-03-01",8.75,2.59,23.75
"270","800303","2016-03-01",13.33,4.64,30
"271","801404","2016-03-01",16.67,6.44,50
"272","801604","2016-03-01",7.5,1.46,12.5
"273","700803","2016-03-01",14,5.18,20
"274","740303","2016-03-01",0,0,0
"275","740302","2016-03-01",0,0,0
"276","810111","2016-02-01",7.5,3,20
"277","810115","2016-02-01",15,5.05,25
"278","810504","2016-02-01",15,2.47,20
"279","801904","2016-02-01",10,3.15,27.5
"280","801904","2016-02-01",8.75,2.8,23.75
"281","801904","2016-02-01",12.5,3.81,31.25
"282","800703","2016-02-01",15,4.37,38.75
"283","800703","2016-02-01",11.25,2.71,23.75
"284","800705","2016-02-01",5,2.19,20
"285","800705","2016-02-01",10,3.96,32.5
"286","800705","2016-02-01",7.5,2.62,20
"287","800705","2016-02-01",10,4.33,35
"288","800801","2016-02-01",20,8.46,67.5
"289","801107","2016-02-01",22.5,3.36,22.5
"290","801107","2016-02-01",12.5,2.18,12.5
"291","801104","2016-02-01",20,3.19,22.5
"292","801104","2016-02-01",30,4.36,30
"293","801104","2016-02-01",22.5,3.67,22.5
"294","801104","2016-02-01",17.5,2.66,17.5
"295","801101","2016-02-01",22.5,3.44,22.5
"296","801105","2016-02-01",20,3.54,20
"297","801105","2016-02-01",30,5.17,30
"298","801105","2016-02-01",37.5,6.2,37.5
"299","801701","2016-02-01",7.5,0.65,7.5
"300","801701","2016-02-01",5,0.45,5
"301","801704","2016-02-01",5,0.36,5
"302","801702","2016-02-01",7.5,0.6,7.5
"303","801702","2016-02-01",7.5,0.77,7.5
"304","800502","2016-02-01",26.67,3.63,26.67
"305","800502","2016-02-01",26.25,3.16,26.25
"306","800118","2016-02-01",7.5,2.57,17.5
"307","800305","2016-02-01",17.5,4.09,32.5
"308","770206","2016-02-01",29,8.05,43
"309","760208","2016-02-01",16,3.42,20
"310","700405","2016-02-01",0,0,0
"311","700607","2016-02-01",0,0,0
"312","750209","2016-02-01",6,1.83,7
"313","740203","2016-02-01",0,0,0
"314","740303","2016-02-01",0,0,0
"315","810403","2016-01-01",15,8.18,32.5
"316","810116","2016-01-01",14,6.14,37
"317","801904","2016-01-01",10,3.23,32.5
"318","801904","2016-01-01",13.75,3.92,40
"319","801904","2016-01-01",11.25,4.22,42.5
"320","800708","2016-01-01",5,0.74,7.5
"321","800708","2016-01-01",7.5,1.75,17.5
"322","800709","2016-01-01",13.75,3.98,38.75
"323","800706","2016-01-01",11.25,3.39,31.25
"324","800907","2016-01-01",14,5.13,36
"325","801107","2016-01-01",15,1.95,15
"326","801107","2016-01-01",10,1.12,10
"327","801107","2016-01-01",15,2.14,15
"328","801107","2016-01-01",10,1.4,10
"329","801104","2016-01-01",15,1.91,15
"330","801101","2016-01-01",15,2.18,15
"331","801101","2016-01-01",12.5,2.1,12.5
"332","801105","2016-01-01",17.5,2.72,17.5
"333","801105","2016-01-01",22.5,3.11,22.5
"334","801701","2016-01-01",7.5,0.79,7.5
"335","801701","2016-01-01",5,0.47,5
"336","801704","2016-01-01",5,0.41,5
"337","801704","2016-01-01",5,0.38,5
"338","801702","2016-01-01",5,0.49,5
"339","802001","2016-01-01",12,7.57,52
"340","800502","2016-01-01",29.17,3.7,29.17
"341","800503","2016-01-01",21.25,3.08,21.25
"342","800106","2016-01-01",15,7.68,68
"343","810403","2015-12-01",22.5,5.52,22.5
"344","810116","2015-12-01",23.64,12.69,61.82
"345","801904","2015-12-01",12.5,5.5,40
"346","801904","2015-12-01",10,3.77,27.5
"347","801904","2015-12-01",10,4.55,35
"348","801904","2015-12-01",10,4.89,40
"349","801904","2015-12-01",10,5.7,45
"350","800709","2015-12-01",7.5,2.86,20
"351","800709","2015-12-01",10,4.39,35
"352","800709","2015-12-01",10,5.26,40
"353","800709","2015-12-01",5,1.76,12.5
"354","800709","2015-12-01",10,5.17,37.5
"355","800705","2015-12-01",7.5,1.84,20
"356","800705","2015-12-01",10,3.13,30
"357","801107","2015-12-01",10,1.61,10
"358","801107","2015-12-01",11.25,2.34,11.25
"359","801104","2015-12-01",7.5,1.28,7.5
"360","801104","2015-12-01",8.75,1.57,8.75
"361","801104","2015-12-01",15,2.38,15
"362","801105","2015-12-01",7.5,1.26,7.5
"363","801105","2015-12-01",12.5,1.97,12.5
"364","801105","2015-12-01",15,2.58,15
"365","801701","2015-12-01",10,1.19,10
"366","801701","2015-12-01",5,0.47,5
"367","801701","2015-12-01",2.5,0.23,2.5
"368","801704","2015-12-01",5,0.59,5
"369","801702","2015-12-01",7.5,0.7,7.5
"370","810116","2015-11-01",20,5.37,20
"371","800907","2015-11-01",17.5,8.97,65
"372","801104","2015-11-01",12.5,1.81,12.5
"373","801101","2015-11-01",15,2.17,15
"374","801102","2015-11-01",12.5,1.84,12.5
"375","801105","2015-11-01",17.5,2.94,17.5
"376","801105","2015-11-01",15,2.21,15
"377","800112","2015-11-01",27.5,5.79,57.5
"378","800114","2015-11-01",32.5,5.2,57.5
"379","801107","2015-10-01",15,2.63,15
"380","801107","2015-10-01",7.5,1.34,7.5
"381","801107","2015-10-01",10,1.56,10
"382","801105","2015-10-01",12.5,1.97,12.5
"383","801105","2015-10-01",17.5,2.88,17.5
"384","810405","2015-09-01",15,6.25,25
"385","800708","2015-09-01",7.5,1.6,15
"386","800708","2015-09-01",7.5,3.11,27.5
"387","800709","2015-09-01",12.5,4.12,35
"388","800709","2015-09-01",10,3.9,30
"389","800709","2015-09-01",10,4.33,35
"390","800709","2015-09-01",12.5,4.08,35
"391","800709","2015-09-01",10,3.95,32.5
"392","801107","2015-09-01",17.5,2.41,17.5
"393","801107","2015-09-01",12.9,2.2,12.9
"394","801107","2015-09-01",15,1.79,12.5
"395","801107","2015-09-01",10,1.6,10
"396","801107","2015-09-01",10,1.96,10
"397","801105","2015-09-01",20,2.61,20
"398","801105","2015-09-01",15,2.1,15
"399","810116","2015-08-01",17.5,4,22.5
"400","810116","2015-08-01",7.5,6.25,27.5
"401","810704","2015-08-01",60,15.25,90
"402","810701","2015-08-01",40,12.7,80
"403","361401","2015-08-01",2.5,0.32,2.5
"404","361401","2015-08-01",5,0.64,5
"405","361401","2015-08-01",7.5,10.45,70
"406","361401","2015-08-01",7.5,1.27,10
"407","801905","2015-08-01",10,3.99,32.5
"408","800710","2015-08-01",10,3.69,30
"409","800709","2015-08-01",7.5,2.54,20
"410","800709","2015-08-01",10,3.93,32.5
"411","800709","2015-08-01",12.5,4.62,40
"412","800701","2015-08-01",12.5,3.84,42.5
"413","800703","2015-08-01",15,4.41,55
"414","801107","2015-08-01",17.5,2.35,17.5
"415","801107","2015-08-01",9.9,1.65,9.9
"416","801107","2015-08-01",10,1.72,10
"417","801107","2015-08-01",12.5,2.51,12.5
"418","801107","2015-08-01",15,2.78,15
"419","801701","2015-08-01",7.5,0.56,5
"420","801701","2015-08-01",5,0.5,5
"421","801704","2015-08-01",2.5,0.25,2.5
"422","801702","2015-08-01",5,0.47,5
"423","801702","2015-08-01",5,0.52,5
"424","810401","2015-07-01",7.5,2.1,7.5
"425","810704","2015-07-01",73.33,28.67,236.67
"426","361208","2015-07-01",12.5,3.93,22.5
"427","361208","2015-07-01",12.5,7.17,45
"428","361208","2015-07-01",7.5,1.97,10
"429","360306","2015-07-01",0,0,0
"430","360306","2015-07-01",0,0,0
"431","360306","2015-07-01",0,0,0
"432","361008","2015-07-01",0,0,0
"433","361008","2015-07-01",5,0.55,5
"434","361008","2015-07-01",0,0,0
"435","361008","2015-07-01",0,0,0
"436","800710","2015-07-01",10,3.59,30
"437","800710","2015-07-01",10,4.12,35
"438","800710","2015-07-01",7.5,2.75,22.5
"439","800709","2015-07-01",12.5,5.62,47.5
"440","800705","2015-07-01",12.5,4.41,37.5
"441","800902","2015-07-01",33.82,6.6,30.88
"442","801107","2015-07-01",10,1.75,10
"443","801107","2015-07-01",20,2.75,20
"444","801107","2015-07-01",10,1.5,10
"445","801107","2015-07-01",10,1.48,10
"446","801107","2015-07-01",12.5,1.99,12.5
"447","801107","2015-07-01",15,2.55,15
"448","801107","2015-07-01",12.5,1.76,12.5
"449","801107","2015-07-01",7.5,1.01,7.5
"450","801104","2015-07-01",15,2.37,15
"451","801105","2015-07-01",15,2.39,15
"452","801701","2015-07-01",5,0.46,5
"453","801701","2015-07-01",5,0.47,5
"454","801702","2015-07-01",2.5,0.31,2.5
"455","801702","2015-07-01",7.5,0.64,7.5
"456","801703","2015-07-01",2.5,0.24,2.5
"457","810304","2015-06-01",12.5,2.87,12.5
"458","810704","2015-06-01",60,42.53,370
"459","810704","2015-06-01",33.05,6.6,47.46
"460","810704","2015-06-01",78.1,46.01,328.47
"461","800706","2015-06-01",10,3.92,32.5
"462","800706","2015-06-01",12.5,4.91,42.5
"463","800706","2015-06-01",7.5,1.78,15
"464","800706","2015-06-01",10,3.47,30
"465","800706","2015-06-01",10,4.59,37.5
"466","800909","2015-06-01",17.5,7.95,47.5
"467","800909","2015-06-01",22.5,6.77,45
"468","800909","2015-06-01",12.5,7.79,45
"469","801107","2015-06-01",7.5,1.12,7.5
"470","801107","2015-06-01",17.5,2.54,17.5
"471","801107","2015-06-01",10,1.78,10
"472","801107","2015-06-01",11.25,1.57,11.25
"473","801104","2015-06-01",15,2.43,15
"474","801701","2015-06-01",5,0.61,5
"475","801701","2015-06-01",5,0.52,5
"476","801701","2015-06-01",7.5,0.66,7.5
"477","801702","2015-06-01",5,0.51,5
"478","801702","2015-06-01",2.5,0.31,2.5
"479","810305","2015-05-01",15,5.04,17
"480","810405","2015-05-01",20,5.64,23
"481","810501","2015-05-01",0,0,0
"482","500403","2015-05-01",9,2.75,16
"483","500403","2015-05-01",18,4.13,27
"484","801501","2015-05-01",5,0.93,5
"485","800404","2015-05-01",9,2.91,30
"486","802304","2015-05-01",10,2.35,10
"487","800709","2015-05-01",7.5,1.74,15
"488","800705","2015-05-01",10,2.57,25
"489","802201","2015-05-01",11,2.24,21
"490","800607","2015-05-01",13,1.24,15
"491","801801","2015-05-01",15,2.96,27
"492","800806","2015-05-01",9,1.86,9
"493","800913","2015-05-01",23,4.36,29
"494","802101","2015-05-01",8,4.39,28
"495","800204","2015-05-01",9,5.49,32
"496","802001","2015-05-01",6,1.74,6
"497","800503","2015-05-01",10,1.54,15
"498","800115","2015-05-01",9,5.85,38
"499","801302","2015-05-01",2,0.59,6
"500","800304","2015-05-01",7,5.68,34
"501","801402","2015-05-01",7,1.28,7
"502","801602","2015-05-01",4,0.58,8
"503","760801","2015-05-01",0,0,0
"504","510702","2015-05-01",4.94,1.65,6.17
"505","510702","2015-05-01",23,6.85,44
"506","810402","2015-04-01",45,10.21,60
"507","630701","2015-04-01",0,0,0
"508","800404","2015-04-01",17.5,2.64,17.5
"509","800404","2015-04-01",12.5,1.95,12.5
"510","800404","2015-04-01",15,2.26,15
"511","800404","2015-04-01",20,2.88,20
"512","800710","2015-04-01",10,4.15,32.5
"513","800710","2015-04-01",15,3.92,30
"514","800710","2015-04-01",7.5,2.05,15
"515","800710","2015-04-01",10,4.32,32.5
"516","800710","2015-04-01",12.5,5.3,40
"517","800913","2015-04-01",17.5,4.76,37.5
"518","800913","2015-04-01",12.5,4.99,45
"519","800911","2015-04-01",12.5,6.75,40
"520","801107","2015-04-01",12.5,1.73,12.5
"521","801107","2015-04-01",10,1.75,10
"522","801107","2015-04-01",12.5,1.91,12.5
"523","801107","2015-04-01",15,2.37,15
"524","801107","2015-04-01",15,2.23,15
"525","801107","2015-04-01",17.5,2.45,17.5
"526","801104","2015-04-01",17.5,2.32,17.5
"527","801104","2015-04-01",15,2.45,15
"528","801104","2015-04-01",10,1.72,10
"529","801701","2015-04-01",5,0.41,5
"530","801704","2015-04-01",2.5,0.23,2.5
"531","801704","2015-04-01",5,0.34,5
"532","801702","2015-04-01",2.5,0.37,2.5
"533","801702","2015-04-01",7.5,0.68,7.5
"534","800503","2015-04-01",22.5,7.97,27.5
"535","810401","2015-03-01",10,2.44,10
"536","630703","2015-03-01",0,0,0
"537","630702","2015-03-01",0,0,0
"538","800415","2015-03-01",17.5,2.88,17.5
"539","800404","2015-03-01",20,3.27,20
"540","800404","2015-03-01",12.5,1.92,12.5
"541","800404","2015-03-01",15,2.91,15
"542","800404","2015-03-01",15,2.82,15
"543","800913","2015-03-01",12.5,2.3,17.5
"544","800913","2015-03-01",17.5,4.19,35
"545","800909","2015-03-01",5,2.67,15
"546","800909","2015-03-01",10,2.59,15
"547","801107","2015-03-01",16.13,2.65,16.13
"548","801107","2015-03-01",12.5,2.07,12.5
"549","801107","2015-03-01",17.5,2.75,17.5
"550","801107","2015-03-01",10,1.49,10
"551","801107","2015-03-01",20,2.71,20
"552","801107","2015-03-01",12.5,1.83,12.5
"553","801104","2015-03-01",22.5,3.59,22.5
"554","801104","2015-03-01",20,3.9,20
"555","801104","2015-03-01",12.5,2.67,12.5
"556","801701","2015-03-01",7.5,1.24,7.5
"557","801701","2015-03-01",5,0.56,5
"558","801704","2015-03-01",5,0.5,5
"559","801702","2015-03-01",2.5,0.26,2.5
"560","801702","2015-03-01",2.5,0.25,2.5
"561","720401","2015-03-01",5.26,3.57,5.26
"562","810405","2015-02-01",18,3.68,24
"563","810501","2015-02-01",23,1.46,37
"564","500403","2015-02-01",10,2.3,12
"565","500403","2015-02-01",9,1.86,10
"566","801501","2015-02-01",16,2.44,15
"567","800404","2015-02-01",15,1.87,18
"568","802304","2015-02-01",10,2.35,10
"569","800706","2015-02-01",19,3.42,31
"570","802201","2015-02-01",16,2.06,20
"571","801801","2015-02-01",20,3.01,27
"572","800806","2015-02-01",21,3.95,21
"573","800913","2015-02-01",29,7.81,41
"574","802101","2015-02-01",9,4.4,27
"575","800204","2015-02-01",13,6.36,35
"576","802001","2015-02-01",13,3.76,13
"577","800503","2015-02-01",12,2.21,23
"578","800115","2015-02-01",16,6.84,42
"579","801302","2015-02-01",24,6.32,62
"580","800304","2015-02-01",8,5.92,33
"581","801402","2015-02-01",26,4.41,26
"582","801602","2015-02-01",34,9.91,136
"583","760801","2015-02-01",0,0,0
"584","510702","2015-02-01",3.57,1.29,4.76
"585","510702","2015-02-01",13,3.09,13
"586","810305","2015-01-01",13,5.39,22
"587","810405","2015-01-01",18,3.68,24
"588","810405","2015-01-01",20,6.07,30
"589","800703","2014-11-01",7.5,1.4,15
"590","800705","2014-11-01",5,0.95,10
"591","800705","2014-11-01",12.5,3.95,45
"592","800913","2014-11-01",7.5,5.88,45
"593","800909","2014-11-01",25,12.44,120
"594","800910","2014-11-01",20,12.47,117.5
"595","800708","2014-10-01",12.5,3.39,35
"596","800705","2014-10-01",5,1.04,10
"597","800705","2014-10-01",7.5,1.77,17.5
"598","800705","2014-10-01",10,2.62,27.5
"599","800705","2014-10-01",7.5,1.63,17.5
"600","810105","2014-07-01",12.5,4.56,27.5
"601","810502","2014-07-01",10,5.37,40
"602","802201","2014-07-01",50,9.68,60
"603","802201","2014-07-01",17.5,3.49,22.5
"604","800803","2014-07-01",30,3.28,20
"605","802101","2014-07-01",30,8,40
"606","800204","2014-07-01",30,7.46,50
"607","800503","2014-07-01",7.5,2.24,17.5
"608","103003","2014-07-01",4.76,1.7,5.71
"609","801701","2014-06-01",7.5,3.91,17.5
"610","801701","2014-06-01",7.5,1.71,7.5
"611","801704","2014-06-01",7.5,2.76,12.5
"612","801702","2014-06-01",10,2.84,15
"613","801703","2014-06-01",10,3.09,12.5
"614","580106","2014-06-01",0,0,0
"615","490512","2014-06-01",0,0,0
"616","220606","2014-05-01",0,0,0
"617","240214","2014-05-01",42.55,18.03,70.21
"618","240406","2014-05-01",0,0,0
"619","240903","2014-05-01",32.5,10.07,35
"620","240105","2014-05-01",25,4.44,27.5
"621","200501","2014-05-01",21.95,5,34.15
"622","200707","2014-05-01",7.5,2.4,7.5
"623","860113","2014-05-01",0,0,0
"624","860108","2014-05-01",0,0,0
"625","860102","2014-05-01",0,0,0
"626","860110","2014-05-01",0,0,0
"627","501704","2014-05-01",30,7.3,47
"628","501704","2014-05-01",49,14.29,74
"629","501005","2014-05-01",17,3.55,24
"630","501005","2014-05-01",6,0.85,6
"631","730702","2014-05-01",10,1.78,15
"632","801802","2014-05-01",0,0,0
"633","801803","2014-05-01",0,0,0
"634","801801","2014-05-01",0,0,0
"635","800810","2014-05-01",2,1.07,4
"636","800801","2014-05-01",8,2.64,20
"637","800809","2014-05-01",8,2,14
"638","800806","2014-05-01",9,3.89,29
"639","800910","2014-05-01",14,3.02,13
"640","802102","2014-05-01",0,0,0
"641","802102","2014-05-01",0,0,0
"642","802102","2014-05-01",0,0,0
"643","800106","2014-05-01",3,0.71,6
"644","800115","2014-05-01",6,2.3,15
"645","800119","2014-05-01",2,0.86,7
"646","800114","2014-05-01",7,4.57,17
"647","801306","2014-05-01",5,1.11,10
"648","801305","2014-05-01",3,0.7,7
"649","801302","2014-05-01",2,0.54,4
"650","800304","2014-05-01",4,1.38,9
"651","800305","2014-05-01",4,0.91,6
"652","800301","2014-05-01",7,1.25,9
"653","800303","2014-05-01",6,1.46,10
"654","490503","2014-05-01",0,0,0
"655","490504","2014-05-01",0,0,0
"656","490304","2014-05-01",0,0,0
"657","490304","2014-05-01",0,0,0
"658","490105","2014-05-01",0,0,0
"659","110413","2014-05-01",20,6.71,27.5
"660","110505","2014-05-01",12.5,4.2,12.5
"661","370205","2014-05-01",0,0,0
"662","810403","2014-04-01",27,8.91,46
"663","810404","2014-04-01",13,5.05,21
"664","810406","2014-04-01",35,16.2,93
"665","810405","2014-04-01",9,1.61,9
"666","810106","2014-04-01",2,0.44,2
"667","810115","2014-04-01",2,0.9,2
"668","800401","2014-04-01",0,0,0
"669","800415","2014-04-01",0,0,0
"670","800415","2014-04-01",0,0,0
"671","800404","2014-04-01",0,0,0
"672","802301","2014-04-01",0,0,0
"673","802302","2014-04-01",6,0.78,6
"674","802304","2014-04-01",7,1.63,7
"675","802303","2014-04-01",15,1.96,16
"676","800907","2014-04-01",19,2.77,13
"677","800911","2014-04-01",14,1.87,8
"678","800909","2014-04-01",22,5.1,23
"679","802004","2014-04-01",30,7.66,102
"680","802003","2014-04-01",30,6.89,37
"681","802001","2014-04-01",18,3.77,18
"682","802002","2014-04-01",22,3.49,21
"683","490504","2014-04-01",0,0,0
"684","370205","2014-04-01",0,0,0
"685","860603","2014-03-01",0,0,0
"686","860602","2014-03-01",0,0,0
"687","860604","2014-03-01",0,0,0
"688","860601","2014-03-01",0,0,0
"689","860113","2014-03-01",0,0,0
"690","860102","2014-03-01",0,0,0
"691","860110","2014-03-01",0,0,0
"692","860110","2014-03-01",0,0,0
"693","860504","2014-03-01",0,0,0
"694","860502","2014-03-01",0,0,0
"695","860501","2014-03-01",0,0,0
"696","860503","2014-03-01",0,0,0
"697","860411","2014-03-01",0,0,0
"698","490203","2014-03-01",0,0,0
"699","810103","2014-02-01",1,0.55,1
"700","810106","2014-02-01",3,0.91,4
"701","810111","2014-02-01",0,0,0
"702","810115","2014-02-01",1,0.59,1
"703","710613","2014-02-01",34,9.93,56
"704","710613","2014-02-01",28,8.87,50
"705","220606","2014-02-01",0,0,0
"706","501704","2014-02-01",12,2.85,19
"707","501704","2014-02-01",22,7.72,39
"708","501005","2014-02-01",14,2.52,16
"709","490503","2014-02-01",0,0,0
"710","730109","2014-02-01",0,0,0
"711","800415","2014-02-01",2,0.67,4
"712","800415","2014-02-01",4,1.1,5
"713","800404","2014-02-01",2,0.82,4
"714","800404","2014-02-01",17,4.34,36
"715","802301","2014-02-01",16,0.19,1
"716","802302","2014-02-01",24,7.73,45
"717","802304","2014-02-01",16,4.04,19
"718","802303","2014-02-01",41,8.4,56
"719","801803","2014-02-01",2,0.3,2
"720","801801","2014-02-01",5,1.22,6
"721","800810","2014-02-01",0,0,0
"722","800801","2014-02-01",36,13.23,102
"723","800809","2014-02-01",45,7.18,56
"724","800806","2014-02-01",50,8.35,72
"725","802004","2014-02-01",16,7.74,60
"726","802003","2014-02-01",41,9.89,115
"727","802001","2014-02-01",16,30.71,320
"728","800106","2014-02-01",4,1.64,7
"729","800115","2014-02-01",8,2,13
"730","800119","2014-02-01",2,1.06,5
"731","800114","2014-02-01",9,6.54,24
"732","801305","2014-02-01",7,1.54,14
"733","800305","2014-02-01",6,0.91,6
"734","800301","2014-02-01",9,0.25,2
"735","800303","2014-02-01",7,0.14,1
"736","760801","2014-02-01",0,0,0
"737","760801","2014-02-01",1,0.19,1
"738","760801","2014-02-01",0,0,0
"739","490506","2014-02-01",0,0,0
"740","490507","2014-02-01",0,0,0
"741","490403","2014-02-01",0,0,0
"742","490403","2014-02-01",0,0,0
"743","490203","2014-02-01",0,0,0
"744","490702","2014-02-01",0,0,0
"745","490702","2014-02-01",0,0,0
"746","490702","2014-02-01",0,0,0
"747","490702","2014-02-01",0,0,0
"748","350113","2014-02-01",0,0,0
"749","700710","2014-02-01",6,0.96,6
"750","700120","2014-02-01",12,1.59,12
"751","110413","2014-02-01",0,0,0
"752","110505","2014-02-01",0,0,0
"753","730312","2014-02-01",0,0,0
"754","740203","2014-02-01",15,4.68,28
"755","720404","2014-02-01",18,3.86,18
"756","720404","2014-02-01",10,2.41,14
"757","720712","2014-02-01",16,2.37,16
"758","720712","2014-02-01",4,0.42,4
"759","720909","2014-02-01",20,3.23,28
"760","720909","2014-02-01",16,3.03,18
"761","370302","2014-02-01",0,0,0
"762","370403","2014-02-01",0,0,0
"763","370403","2014-02-01",0,0,0
"764","370705","2014-02-01",0,0,0
"765","370705","2014-02-01",0,0,0
"766","370503","2014-02-01",0,0,0
"767","370506","2014-02-01",0,0,0
"768","370604","2014-02-01",0,0,0
"769","370604","2014-02-01",0,0,0
"770","370604","2014-02-01",0,0,0
"771","710404","2014-01-01",0,0,0
"772","802102","2014-01-01",36.67,6.58,66.67
"773","480409","2014-01-01",0,0,0
"774","800405","2013-12-01",70.64,8.29,95.41
"775","800813","2013-12-01",64.47,24.94,255.26
"776","800107","2013-12-01",55.56,14.14,151.85
"777","810201","2013-11-01",0,0,0
"778","810401","2013-11-01",0,0,0
"779","810601","2013-11-01",0,0,0
"780","810701","2013-11-01",0,0,0
"781","810801","2013-11-01",0,0,0
"782","810501","2013-11-01",0,0,0
"783","801906","2013-11-01",12.5,5.45,45
"784","800410","2013-11-01",7.14,7.14,7.14
"785","800701","2013-11-01",0,0,0
"786","800607","2013-11-01",0,0,0
"787","801801","2013-11-01",20,9.09,20
"788","800801","2013-11-01",16.67,16.67,50
"789","801101","2013-11-01",60,20.34,240
"790","801001","2013-11-01",0,0,0
"791","801702","2013-11-01",10,1.41,10
"792","800201","2013-11-01",25,7.14,25
"793","800504","2013-11-01",16.67,13.33,33.33
"794","801301","2013-11-01",0,0,0
"795","800301","2013-11-01",0,0,0
"796","801601","2013-11-01",0,0,0
"797","810303","2013-10-01",0,0,0
"798","810202","2013-10-01",0,0,0
"799","810808","2013-10-01",10,2.17,10
"800","810502","2013-10-01",40,2.55,50
"801","810502","2013-10-01",40,2.55,50
"802","800708","2013-10-01",12.5,3.79,37.5
"803","800708","2013-10-01",5,1.15,12.5
"804","800708","2013-10-01",10,2.55,27.5
"805","800708","2013-10-01",7.5,1.55,17.5
"806","800911","2013-10-01",17.5,13.27,75
"807","800909","2013-10-01",25,7.66,45
"808","800909","2013-10-01",12.5,5.42,32.5
"809","810304","2013-09-01",20,4,60
"810","810205","2013-09-01",20,3.23,20
"811","810406","2013-09-01",30,5.41,60
"812","810103","2013-09-01",0,0,0
"813","810805","2013-09-01",10,1.32,10
"814","810805","2013-09-01",10,1.32,10
"815","810502","2013-09-01",30,2.4,30
"816","800902","2013-09-01",17.5,6.97,42.5
"817","800909","2013-09-01",17.5,7.06,45
"818","800909","2013-09-01",12.5,6.4,40
"819","801701","2013-09-01",5,2.09,12.5
"820","800106","2013-09-01",10,1.54,10
"821","810201","2013-08-01",17.5,3.06,25
"822","810201","2013-08-01",7.5,1.16,7.5
"823","810401","2013-08-01",32.5,6.07,52.5
"824","810407","2013-08-01",10,1.47,12.5
"825","810602","2013-08-01",10,0.85,10
"826","810115","2013-08-01",20,6.3,20
"827","810503","2013-08-01",5,0.63,7.5
"828","730205","2013-08-01",20,5.42,24
"829","730304","2013-08-01",0,0,0
"830","800710","2013-08-01",10,3.17,25
"831","800710","2013-08-01",12.5,3.65,30
"832","800705","2013-08-01",7.5,2.05,22.5
"833","800913","2013-08-01",28.75,11.31,78.75
"834","800913","2013-08-01",17.5,7.16,67.5
"835","800909","2013-08-01",22.5,7.12,57.5
"836","800909","2013-08-01",17.5,6.41,45
"837","802102","2013-08-01",0,0,0
"838","802102","2013-08-01",0,0,0
"839","802102","2013-08-01",0,0,0
"840","801701","2013-08-01",10,4.56,32.5
"841","801701","2013-08-01",5,2.31,15
"842","801701","2013-08-01",12.5,5.32,35
"843","801701","2013-08-01",2.5,1.32,7.5
"844","801701","2013-08-01",40,10,90
"845","801409","2013-08-01",40,5.4,75
"846","700201","2013-08-01",0,0,0
"847","740205","2013-08-01",0,0,0
"848","810202","2013-07-01",20,6.49,50
"849","810202","2013-07-01",23.33,2.99,23.33
"850","500611","2013-07-01",40,8.62,50
"851","500611","2013-07-01",60,9.92,120
"852","500611","2013-07-01",40,8.33,50
"853","730610","2013-07-01",40,6.87,53.33
"854","730605","2013-07-01",53.33,12.63,80
"855","770704","2013-07-01",76.67,25.99,263.33
"856","770706","2013-07-01",50,6.2,53.33
"857","760502","2013-07-01",40,5.38,50
"858","760502","2013-07-01",30,3.77,40
"859","760502","2013-07-01",50,8.65,90
"860","760503","2013-07-01",0,0,0
"861","760503","2013-07-01",0,0,0
"862","760503","2013-07-01",10,4.55,10
"863","700510","2013-07-01",90,9.78,180
"864","700504","2013-07-01",40,4.92,270
"865","510206","2013-07-01",6.67,1.52,10
"866","750308","2013-07-01",10,29.51,180
"867","750308","2013-07-01",0,0,0
"868","750308","2013-07-01",40,4.44,60
"869","750305","2013-07-01",20,8.75,70
"870","750305","2013-07-01",0,0,0
"871","750305","2013-07-01",20,4.59,50
"872","740205","2013-07-01",36.67,9.44,73.33
"873","840213","2013-07-01",26.67,15.29,43.33
"874","840201","2013-07-01",30,14.29,46.67
"875","810202","2013-06-01",23.33,5.05,36.67
"876","810202","2013-06-01",6.67,0.83,6.67
"877","810405","2013-06-01",10,2.61,10
"878","810405","2013-06-01",7.5,1.92,7.5
"879","810103","2013-06-01",10,1.75,10
"880","810103","2013-06-01",35,11.76,60
"881","810103","2013-06-01",7.5,1.82,10
"882","810103","2013-06-01",12.5,2.61,10
"883","810111","2013-06-01",7.5,1.57,7.5
"884","810111","2013-06-01",5,0.98,5
"885","810115","2013-06-01",5,0.93,2.5
"886","810115","2013-06-01",2.5,0.93,2.5
"887","810117","2013-06-01",2.5,0.51,2.5
"888","810801","2013-06-01",5,1.44,7
"889","710604","2013-06-01",43.33,9.63,103.33
"890","710603","2013-06-01",66.67,14.83,130
"891","501506","2013-06-01",40,11.05,66.67
"892","730406","2013-06-01",0,0,0
"893","730406","2013-06-01",0,0,0
"894","730406","2013-06-01",0,0,0
"895","730405","2013-06-01",50,10.34,90
"896","730405","2013-06-01",0,0,0
"897","730405","2013-06-01",0,0,0
"898","800404","2013-06-01",28,8.66,68
"899","800304","2013-06-01",3.33,0.47,3.33
"900","800304","2013-06-01",6.67,0.45,3.33
"901","770604","2013-06-01",0,0,0
"902","760405","2013-06-01",10,1.25,10
"903","760405","2013-06-01",0,0,0
"904","760405","2013-06-01",10,2.74,20
"905","760406","2013-06-01",20,2.44,30
"906","760406","2013-06-01",10,1.52,10
"907","760406","2013-06-01",0,0,0
"908","490306","2013-06-01",0,0,0
"909","490205","2013-06-01",0,0,0
"910","490203","2013-06-01",0,0,0
"911","510605","2013-06-01",26.67,4.23,30
"912","750309","2013-06-01",30,6.25,50
"913","750309","2013-06-01",20,4.62,30
"914","750309","2013-06-01",0,0,0
"915","750308","2013-06-01",30,2.44,20
"916","750308","2013-06-01",80,29.51,180
"917","750308","2013-06-01",20,9.23,60
"918","720302","2013-06-01",16.67,5.05,36.67
"919","720301","2013-06-01",43.33,12.59,120
"920","840213","2013-06-01",43.33,24.04,83.33
"921","840201","2013-06-01",36.67,14.53,56.67
"922","370201","2013-06-01",0,0,0
"923","370302","2013-06-01",0,0,0
"924","370302","2013-06-01",0,0,0
"925","370116","2013-06-01",0,0,0
"926","370118","2013-06-01",0,0,0
"927","370706","2013-06-01",0,0,0
"928","370705","2013-06-01",0,0,0
"929","810305","2013-05-01",5,1.47,5
"930","810202","2013-05-01",20,5.61,40
"931","810202","2013-05-01",13.33,1.6,10
"932","810404","2013-05-01",7,2.01,7
"933","810117","2013-05-01",15,3.83,26
"934","710612","2013-05-01",18,3.79,32
"935","710613","2013-05-01",36,10.56,60
"936","710202","2013-05-01",34,5.75,44
"937","220801","2013-05-01",0,0,0
"938","220702","2013-05-01",6,1.15,8
"939","240104","2013-05-01",12,2.66,14
"940","240703","2013-05-01",52,13.25,95
"941","200708","2013-05-01",22,12.03,38
"942","860205","2013-05-01",0,0,0
"943","860802","2013-05-01",0,0,0
"944","860406","2013-05-01",0,0,0
"945","500710","2013-05-01",28,7.78,55
"946","730311","2013-05-01",0,0,0
"947","730311","2013-05-01",0,0,0
"948","730311","2013-05-01",0,0,0
"949","730311","2013-05-01",0,0,0
"950","730311","2013-05-01",0,0,0
"951","730311","2013-05-01",40,7.14,50
"952","730310","2013-05-01",33,8.07,49
"953","730107","2013-05-01",9,2.16,14
"954","730611","2013-05-01",15,2.88,18
"955","480503","2013-05-01",0,0,0
"956","480709","2013-05-01",0,0,0
"957","480703","2013-05-01",0,0,0
"958","801906","2013-05-01",0,0,0
"959","480403","2013-05-01",0,0,0
"960","480201","2013-05-01",0,0,0
"961","480206","2013-05-01",0,0,0
"962","480604","2013-05-01",0,0,0
"963","800705","2013-05-01",16,2.9,37
"964","800909","2013-05-01",22,4.96,34
"965","801701","2013-05-01",7.5,3.04,17.5
"966","801701","2013-05-01",7.5,3.66,22.5
"967","801704","2013-05-01",10,4.65,30
"968","801703","2013-05-01",5,3,20
"969","801703","2013-05-01",10,5.02,32.5
"970","802002","2013-05-01",8,2.65,16
"971","800121","2013-05-01",18,6.09,54
"972","800304","2013-05-01",10,1.79,13.33
"973","800304","2013-05-01",6.67,0.96,6.67
"974","770604","2013-05-01",0,0,0
"975","770608","2013-05-01",23.33,8.51,53.33
"976","250214","2013-05-01",12.61,3.48,20.17
"977","250304","2013-05-01",13.11,3.97,19.67
"978","801406","2013-05-01",40,3.23,20
"979","801406","2013-05-01",2.5,0.4,2.5
"980","801406","2013-05-01",5,0.53,5
"981","760615","2013-05-01",20,4.11,30
"982","760615","2013-05-01",0,1.79,20
"983","760615","2013-05-01",10,0.76,10
"984","490506","2013-05-01",0,0,0
"985","801406","2013-05-01",15,7.36,30
"986","490505","2013-05-01",0,0,0
"987","490405","2013-05-01",0,0,0
"988","490402","2013-05-01",0,0,0
"989","490110","2013-05-01",0,0,0
"990","490111","2013-05-01",0,0,0
"991","490105","2013-05-01",0,0,0
"992","490105","2013-05-01",0,0,0
"993","210507","2013-05-01",17,0,0
"994","700410","2013-05-01",0,0,0
"995","700606","2013-05-01",16,3.32,25
"996","700507","2013-05-01",0,0,0
"997","700507","2013-05-01",0,0,0
"998","700507","2013-05-01",10,1.59,10
"999","700510","2013-05-01",6,2.18,14
"1000","700510","2013-05-01",0,0,0
"1001","700510","2013-05-01",0,0,0
"1002","700510","2013-05-01",10,0.83,10
"1003","700710","2013-05-01",1,0.15,1
"1004","700112","2013-05-01",2,0.26,2
"1005","510702","2013-05-01",6.67,1.55,6.67
"1006","760611","2013-05-01",0,0,0
"1007","760611","2013-05-01",20,10.71,60
"1008","750202","2013-05-01",10,0.81,10
"1009","750202","2013-05-01",0,0,0
"1010","750202","2013-05-01",20,5.41,20
"1011","750204","2013-05-01",0,0,0
"1012","750204","2013-05-01",0,0,0
"1013","750204","2013-05-01",0,0,0
"1014","740307","2013-05-01",8,1.42,10
"1015","270802","2013-05-01",3,0.4,3
"1016","270301","2013-05-01",10,1.09,10
"1017","270103","2013-05-01",14,3.45,20
"1018","270607","2013-05-01",10,2.69,17
"1019","720201","2013-05-01",23.33,4.71,30
"1020","720712","2013-05-01",10,2.57,22
"1021","720712","2013-05-01",8,1.5,12
"1022","760611","2013-05-01",0,0,0
"1023","840703","2013-05-01",26,9.38,35
"1024","841211","2013-05-01",6,2.05,8
"1025","370201","2013-05-01",0,0,0
"1026","370303","2013-05-01",0,0,0
"1027","370402","2013-05-01",0,0,0
"1028","370114","2013-05-01",0,0,0
"1029","810202","2013-04-01",23.33,7.69,40
"1030","810202","2013-04-01",16.67,2.82,23.33
"1031","810403","2013-04-01",8.57,2.59,8.57
"1032","","2013-04-01",0,0,0
"1033","","2013-04-01",18.18,0,0
"1034","810701","2013-04-01",0,0,0
"1035","710610","2013-04-01",13.33,3.69,26.67
"1036","800304","2013-04-01",6.67,1.4,10
"1037","800304","2013-04-01",6.67,2.45,16.67
"1038","770304","2013-04-01",20,4.55,43.33
"1039","760505","2013-04-01",50,13.33,60
"1040","760505","2013-04-01",60,13.21,70
"1041","760505","2013-04-01",40,16.67,60
"1042","750303","2013-04-01",30,4.05,30
"1043","750303","2013-04-01",0,0,0
"1044","750303","2013-04-01",30,4.55,30
"1045","750305","2013-04-01",30,3.19,30
"1046","750305","2013-04-01",50,8.45,60
"1047","750305","2013-04-01",30,4.21,40
"1048","720710","2013-04-01",3.33,0.59,3.33
"1049","840213","2013-04-01",23.33,6.15,26.67
"1050","840213","2013-04-01",23.33,6.15,26.67
"1051","840201","2013-04-01",26.67,8.4,36.67
"1052","840201","2013-04-01",26.67,8.4,36.67
"1053","810404","2013-03-01",24.56,7.97,38.6
"1054","810117","2013-03-01",24.56,7.53,43.86
"1055","800404","2013-03-01",31.25,5.89,57.81
"1056","800708","2013-03-01",10,1.97,22.5
"1057","800708","2013-03-01",5,1.34,12.5
"1058","800708","2013-03-01",7.5,1.66,17.5
"1059","800706","2013-03-01",10,3.7,25
"1060","800706","2013-03-01",10,4.18,32.5
"1061","800706","2013-03-01",10,3.64,27.5
"1062","800706","2013-03-01",7.5,2.71,20
"1063","800706","2013-03-01",7.5,2.23,15
"1064","800705","2013-03-01",50.63,16.43,164.56
"1065","800909","2013-03-01",28,5.79,34
"1066","800909","2013-03-01",0,0,0
"1067","800909","2013-03-01",61.54,9.01,76.92
"1068","801106","2013-03-01",71.43,21.65,150
"1069","802002","2013-03-01",53.06,17.74,202.04
"1070","802002","2013-03-01",40.54,13.67,110.81
"1071","800121","2013-03-01",42.11,9.67,84.21
"1072","800121","2013-03-01",51.72,8.46,75.86
"1073","800121","2013-03-01",26.32,3.65,39.47
"1074","801409","2013-03-01",25,3.72,35
"1075","801409","2013-03-01",20,2.79,25
"1076","810305","2013-02-01",7,2.4,7
"1077","810404","2013-02-01",9,2.79,9
"1078","810117","2013-02-01",14.71,2.53,17.65
"1079","710612","2013-02-01",30,6.87,58
"1080","710613","2013-02-01",32,11.75,70
"1081","710202","2013-02-01",46,4.6,58
"1082","220801","2013-02-01",24,4.83,31
"1083","220801","2013-02-01",24,4.83,31
"1084","220401","2013-02-01",24,4.84,28
"1085","220702","2013-02-01",24,4.52,35
"1086","220702","2013-02-01",27,4.52,35
"1087","240104","2013-02-01",17,5.34,21
"1088","240703","2013-02-01",40,9.86,68
"1089","200618","2013-02-01",42.86,9.62,92.21
"1090","200708","2013-02-01",27,11.08,39
"1091","860205","2013-02-01",49.06,17.76,115.09
"1092","860802","2013-02-01",34.31,9.05,53.92
"1093","860406","2013-02-01",27.45,42.86,85.29
"1094","730205","2013-02-01",31,8.12,62
"1095","730310","2013-02-01",42,9.28,64
"1096","730107","2013-02-01",25,5.44,40
"1097","730611","2013-02-01",24,4.51,35
"1098","800404","2013-02-01",18,2.79,18
"1099","800705","2013-02-01",14,2.2,27
"1100","800913","2013-02-01",32.5,13.47,82.5
"1101","800909","2013-02-01",22.5,6.47,37.5
"1102","800121","2013-02-01",27,8.45,75
"1103","120207","2013-02-01",31.9,11.88,57.76
"1104","120405","2013-02-01",27.5,7.38,33.33
"1105","120606","2013-02-01",47.15,17.33,85.37
"1106","130204","2013-02-01",53.33,22.84,103.33
"1107","130604","2013-02-01",28.7,14.9,45.22
"1108","250214","2013-02-01",27,6.34,39
"1109","250304","2013-02-01",20,7.35,40
"1110","940104","2013-02-01",7,2.67,8
"1111","940110","2013-02-01",22,6.27,21
"1112","140514","2013-02-01",28.1,6.89,38.84
"1113","140609","2013-02-01",15.45,5.47,28.46
"1114","140108","2013-02-01",33.33,11.37,65
"1115","141411","2013-02-01",17.21,9.32,50.82
"1116","110206","2013-02-01",0,0,0
"1117","210601","2013-02-01",14,0,0
"1118","210601","2013-02-01",0,0,0
"1119","700410","2013-02-01",4,1.11,9
"1120","700606","2013-02-01",26,7.47,62
"1121","700510","2013-02-01",12,3.26,18
"1122","700710","2013-02-01",13,2.42,15
"1123","421402","2013-02-01",0,0,0
"1124","471503","2013-02-01",17,5.14,22
"1125","470701","2013-02-01",10,3.41,14
"1126","471704","2013-02-01",9,2.96,12
"1127","470604","2013-02-01",5,2.41,9
"1128","901113","2013-02-01",10.89,3.15,12.87
"1129","901111","2013-02-01",10.81,2.97,14.86
"1130","901111","2013-02-01",18.75,3.51,18.75
"1131","901114","2013-02-01",15.63,9.09,53.13
"1132","901114","2013-02-01",12.99,1.89,10.39
"1133","110602","2013-02-01",25,6.72,32
"1134","740301","2013-02-01",10,2.02,13
"1135","270802","2013-02-01",6.8,1.11,6.8
"1136","270301","2013-02-01",4,0.43,4
"1137","270103","2013-02-01",38,10.48,65
"1138","270607","2013-02-01",26,5.3,36
"1139","720712","2013-02-01",8,1.04,10
"1140","720712","2013-02-01",10,1.64,14
"1141","110602","2013-02-01",25,8.28,42
"1142","840703","2013-02-01",26,8.66,40
"1143","390101","2013-02-01",0,0,0
"1144","390412","2013-02-01",0,0,0
"1145","370202","2013-02-01",0,0,0
"1146","370201","2013-02-01",0,0,0
"1147","370201","2013-02-01",24,0,0
"1148","370302","2013-02-01",0,0,0
"1149","370303","2013-02-01",0,0,0
"1150","370402","2013-02-01",0,0,0
"1151","370401","2013-02-01",0,0,0
"1152","370503","2013-02-01",0,0,0
"1153","370506","2013-02-01",0,0,0
"1154","800120","2013-01-01",45,7.89,60
"1155","361403","2012-12-01",0,0,0
"1156","361403","2012-12-01",0,0,0
"1157","361403","2012-12-01",0,0,0
"1158","800703","2012-12-01",10,2.14,22.5
"1159","800703","2012-12-01",7.5,1.67,17.5
"1160","800705","2012-12-01",12.5,2.94,32.5
"1161","800705","2012-12-01",10,2.17,27.5
"1162","800708","2012-11-01",5,1.46,15
"1163","800708","2012-11-01",10,2.7,27.5
"1164","800708","2012-11-01",15,3.53,35
"1165","800708","2012-11-01",7.5,1.84,22.5
"1166","630605","2012-10-01",0,0,0
"1167","800708","2012-10-01",7.5,2.13,22.5
"1168","800703","2012-10-01",7.5,2.87,32.5
"1169","800705","2012-10-01",10,2.28,27.5
"1170","940103","2012-10-01",5,0.81,6
"1171","940104","2012-10-01",0,0,0
"1172","940104","2012-10-01",6,1.03,6
"1173","810404","2012-09-01",10,3.7,10
"1174","810404","2012-09-01",12.5,3.42,10
"1175","810703","2012-09-01",0,0,0
"1176","810703","2012-09-01",0,0,0
"1177","800705","2012-09-01",2.5,0.35,2.5
"1178","801001","2012-09-01",22,8.71,68
"1179","800118","2012-09-01",14.81,1.8,7.41
"1180","950203","2012-09-01",3,0.9,4
"1181","950205","2012-09-01",2,0.22,1
"1182","950202","2012-09-01",5,1.17,5
"1183","950106","2012-09-01",12,6.27,24
"1184","950109","2012-09-01",5,1.46,5
"1185","810403","2012-08-01",10,3.81,10
"1186","810403","2012-08-01",12.5,3.45,10
"1187","810103","2012-08-01",5,1.65,7
"1188","710612","2012-08-01",42,6.47,70
"1189","710613","2012-08-01",62,15.27,120
"1190","710202","2012-08-01",22,5.36,36
"1191","860114","2012-08-01",21.7,4.49,28.3
"1192","500209","2012-08-01",11,2.33,13
"1193","500708","2012-08-01",17,4.6,22
"1194","500711","2012-08-01",24,7.35,38
"1195","730212","2012-08-01",0,0,0
"1196","730212","2012-08-01",0,0,0
"1197","730215","2012-08-01",0,0,0
"1198","730307","2012-08-01",23,7.13,29
"1199","730301","2012-08-01",0,0,0
"1200","730322","2012-08-01",0,0,0
"1201","730504","2012-08-01",0,0,0
"1202","730504","2012-08-01",59,2.26,9
"1203","730501","2012-08-01",0,0,0
"1204","730701","2012-08-01",0,0,0
"1205","730701","2012-08-01",26,13.03,49
"1206","730701","2012-08-01",0,0,0
"1207","730608","2012-08-01",0,0,0
"1208","730608","2012-08-01",0,0,0
"1209","730608","2012-08-01",1,0.39,1
"1210","800703","2012-08-01",2.5,0.23,2.5
"1211","800703","2012-08-01",5,1.52,17.5
"1212","800703","2012-08-01",5,1.28,12.5
"1213","800706","2012-08-01",7.5,2.16,15
"1214","800706","2012-08-01",10,2.23,15
"1215","800706","2012-08-01",75,2.15,150
"1216","800706","2012-08-01",5,0.7,5
"1217","800906","2012-08-01",16,2.76,33
"1218","802004","2012-08-01",11,5.83,28
"1219","802004","2012-08-01",12,6.35,32
"1220","802001","2012-08-01",8,1.78,10
"1221","802001","2012-08-01",5,0.94,6
"1222","800107","2012-08-01",11,2.03,27
"1223","210502","2012-08-01",28,7.5,41
"1224","700405","2012-08-01",0,0,0
"1225","700411","2012-08-01",0,0,0
"1226","700410","2012-08-01",2,0.44,4
"1227","700601","2012-08-01",12,4.95,32
"1228","700607","2012-08-01",0,0,0
"1229","700602","2012-08-01",8,0.96,8
"1230","510611","2012-08-01",23,7.78,41
"1231","510605","2012-08-01",4,0.85,5
"1232","740209","2012-08-01",0,0,0
"1233","740205","2012-08-01",3,0.99,8
"1234","740202","2012-08-01",0,0,0
"1235","740301","2012-08-01",0,0,0
"1236","740303","2012-08-01",0,0,0
"1237","740304","2012-08-01",10,1.81,13
"1238","720712","2012-08-01",22,1.95,22
"1239","720712","2012-08-01",18,2.13,18
"1240","361403","2012-07-01",0,0,0
"1241","361403","2012-07-01",0,0,0
"1242","361403","2012-07-01",3,0.4,2
"1243","800708","2012-07-01",10,2.49,25
"1244","800708","2012-07-01",5,1.65,17.5
"1245","800708","2012-07-01",7.5,1.77,20
"1246","800708","2012-07-01",7.5,2.34,25
"1247","800708","2012-07-01",10,2.17,27.5
"1248","800710","2012-07-01",5,2.02,15
"1249","800710","2012-07-01",10,2.63,22.5
"1250","800710","2012-07-01",7.5,2.59,20
"1251","800710","2012-07-01",10,4.1,32.5
"1252","800710","2012-07-01",7.5,2.29,17.5
"1253","801701","2012-07-01",10,2.73,20
"1254","801701","2012-07-01",7.5,1.68,12.5
"1255","801702","2012-07-01",5,1.7,12.5
"1256","801702","2012-07-01",7.5,2.8,20
"1257","801702","2012-07-01",10,3.42,25
"1258","801409","2012-07-01",30,5.97,52.5
"1259","930201","2012-07-01",9,3.02,13
"1260","930203","2012-07-01",1,0.22,1
"1261","930204","2012-07-01",9,2.45,11
"1262","930202","2012-07-01",6,2.73,11
"1263","930302","2012-07-01",9,1.45,7
"1264","930307","2012-07-01",5,1.38,7
"1265","930305","2012-07-01",4,1.11,4
"1266","930306","2012-07-01",8,1.9,9
"1267","930513","2012-07-01",0,0,0
"1268","930510","2012-07-01",0,0,0
"1269","930504","2012-07-01",0,1.17,0
"1270","930505","2012-07-01",9,2.06,9
"1271","901604","2012-07-01",9.8,2.85,15.69
"1272","901601","2012-07-01",11.21,3.55,19.63
"1273","901603","2012-07-01",10,1.82,10
"1274","901602","2012-07-01",8.91,3.35,16.83
"1275","120405","2012-06-01",17.07,0,0
"1276","120405","2012-06-01",17.07,2.72,17.07
"1277","120607","2012-06-01",75,27.52,205
"1278","120607","2012-06-01",0,0,0
"1279","210502","2012-06-01",38,11.79,68
"1280","900310","2012-06-01",20.75,6.31,37.74
"1281","900305","2012-06-01",18.18,6.16,31.82
"1282","810103","2012-05-01",9,1.52,9
"1283","710612","2012-05-01",28,4.86,50
"1284","710613","2012-05-01",52,14.97,106
"1285","710202","2012-05-01",13,3.02,21
"1286","361403","2012-05-01",0,0,0
"1287","361403","2012-05-01",0,0,0
"1288","361403","2012-05-01",9,1.19,10
"1289","860114","2012-05-01",44.33,9.32,85.57
"1290","500209","2012-05-01",13,2.41,15
"1291","500708","2012-05-01",34,9.89,52
"1292","500711","2012-05-01",17,4.07,23
"1293","260303","2012-05-01",13.24,2.72,20.59
"1294","801905","2012-05-01",12.5,3.83,27.5
"1295","801905","2012-05-01",10,2.79,20
"1296","800708","2012-05-01",7.5,1.59,15
"1297","800708","2012-05-01",0,0,0
"1298","800706","2012-05-01",15,3.86,27.5
"1299","800706","2012-05-01",7.5,2.02,15
"1300","800706","2012-05-01",10,2.88,22.5
"1301","800906","2012-05-01",12,3.54,23
"1302","802004","2012-05-01",6,1.1,8
"1303","802004","2012-05-01",7,1.51,11
"1304","802001","2012-05-01",3,0.59,4
"1305","802001","2012-05-01",5,1.05,9
"1306","800107","2012-05-01",11,3.63,38
"1307","130203","2012-05-01",37.74,12.63,66.98
"1308","700410","2012-05-01",1,0.12,1
"1309","700601","2012-05-01",0,0,0
"1310","700602","2012-05-01",2,1.46,8
"1311","510611","2012-05-01",24,7.17,36
"1312","510605","2012-05-01",14,4.99,25
"1313","740209","2012-05-01",0,0,0
"1314","740205","2012-05-01",7,2.75,11
"1315","740202","2012-05-01",0,0,0
"1316","740301","2012-05-01",11,0,0
"1317","740303","2012-05-01",0,0,0
"1318","740304","2012-05-01",7,2.4,10
"1319","270306","2012-05-01",31.68,5.52,46.53
"1320","720712","2012-05-01",52,10.58,102
"1321","720712","2012-05-01",12,2.21,20
"1322","430502","2012-05-01",0,0,0
"1323","430110","2012-05-01",0,0,0
"1324","411101","2012-05-01",0,0,0
"1325","411701","2012-05-01",0,0,0
"1326","411901","2012-05-01",0,0,0
"1327","410101","2012-05-01",23,7.54,26
"1328","410601","2012-05-01",0,0,0
"1329","810204","2012-04-01",7.5,1.21,7.5
"1330","360301","2012-04-01",30,6.44,37.5
"1331","360307","2012-04-01",42.5,10.78,62.5
"1332","360309","2012-04-01",27.5,6.53,40
"1333","360308","2012-04-01",37.5,7.28,47.5
"1334","361501","2012-04-01",7.5,10.19,55
"1335","360204","2012-04-01",12.5,2.32,17.5
"1336","360204","2012-04-01",17.5,3.61,25
"1337","360202","2012-04-01",17.5,3.2,20
"1338","360202","2012-04-01",17.5,3.09,20
"1339","360202","2012-04-01",20,3.83,22.5
"1340","360206","2012-04-01",12.5,2.45,15
"1341","360201","2012-04-01",15,4.18,25
"1342","360205","2012-04-01",5,0.8,5
"1343","360203","2012-04-01",22.5,4.55,27.5
"1344","360203","2012-04-01",12.5,3.31,20
"1345","361103","2012-04-01",15,2.55,17.5
"1346","361102","2012-04-01",7.5,1.46,10
"1347","361105","2012-04-01",22.5,3.7,27.5
"1348","360106","2012-04-01",10,1.69,10
"1349","360117","2012-04-01",15,3.77,22.5
"1350","360104","2012-04-01",22.5,5.32,35
"1351","360109","2012-04-01",10,5.65,32.5
"1352","360118","2012-04-01",32.5,8.7,50
"1353","360110","2012-04-01",30,7.46,37.5
"1354","360114","2012-04-01",10,2.44,15
"1355","360114","2012-04-01",20,3.98,22.5
"1356","360115","2012-04-01",22.5,4.48,25
"1357","360502","2012-04-01",2.5,0.32,2.5
"1358","801701","2012-04-01",5,2.07,15
"1359","801702","2012-04-01",7.5,0,0
"1360","801702","2012-04-01",7.5,2.55,17.5
"1361","801702","2012-04-01",10,2.69,20
"1362","801702","2012-04-01",10,3.19,25
"1363","801409","2012-04-01",42.5,5.8,62.5
"1364","360303","2012-03-01",40,9.86,52.5
"1365","360304","2012-03-01",27.5,5.71,35
"1366","360306","2012-03-01",27.5,4.18,27.5
"1367","360302","2012-03-01",27.5,5.69,30
"1368","360305","2012-03-01",27.5,5.76,27.5
"1369","361503","2012-03-01",15,3.62,20
"1370","361503","2012-03-01",17.5,4.55,25
"1371","361503","2012-03-01",10,3.06,17.5
"1372","361502","2012-03-01",12.5,3.56,20
"1373","361502","2012-03-01",40,8.92,47.5
"1374","361504","2012-03-01",30,7.56,45
"1375","361104","2012-03-01",22.5,3.25,25
"1376","361104","2012-03-01",2.5,0.29,2.5
"1377","361101","2012-03-01",12.5,2.17,15
"1378","361102","2012-03-01",17.5,2.31,20
"1379","361011","2012-03-01",10,1.88,15
"1380","361006","2012-03-01",17.5,4.59,25
"1381","361009","2012-03-01",12.5,2.22,12.5
"1382","360106","2012-03-01",7.5,1.34,7.5
"1383","360107","2012-03-01",30,8.82,52.5
"1384","360107","2012-03-01",17.5,4.24,25
"1385","360119","2012-03-01",20,4.31,27.5
"1386","360113","2012-03-01",17.5,4,27.5
"1387","360116","2012-03-01",22.5,3.95,25
"1388","360105","2012-03-01",15,3.31,22.5
"1389","360108","2012-03-01",15,3.13,17.5
"1390","360103","2012-03-01",12.5,1.99,10
"1391","360102","2012-03-01",2.5,0.42,2.5
"1392","360111","2012-03-01",55,13.17,67.5
"1393","360112","2012-03-01",20,3.51,20
"1394","360508","2012-03-01",5,3.54,27.5
"1395","860114","2012-03-01",35.19,7.59,61.11
"1396","570501","2012-03-01",4,0.68,4
"1397","570101","2012-03-01",0,0,0
"1398","500206","2012-03-01",30,5.84,38
"1399","500209","2012-03-01",25,5.18,27
"1400","260303","2012-03-01",34,6.45,59
"1401","300202","2012-03-01",13,2.94,18
"1402","300208","2012-03-01",3,0.63,4
"1403","301005","2012-03-01",28,4.51,44
"1404","301009","2012-03-01",33,4.98,50
"1405","301008","2012-03-01",18,3.06,27
"1406","301007","2012-03-01",23,3.38,33
"1407","301214","2012-03-01",13,2.35,20
"1408","301215","2012-03-01",8,1.13,8
"1409","301203","2012-03-01",12,1.97,14
"1410","302102","2012-03-01",11,2.89,16
"1411","302103","2012-03-01",6,1.2,10
"1412","302106","2012-03-01",38,9.81,53
"1413","301504","2012-03-01",6,1,7
"1414","301501","2012-03-01",10,1.7,12
"1415","301506","2012-03-01",34,0.94,6
"1416","300119","2012-03-01",42,13.95,59
"1417","801502","2012-03-01",37.5,6.56,72.5
"1418","800710","2012-03-01",10,3.25,25
"1419","800709","2012-03-01",10,2.8,22.5
"1420","800709","2012-03-01",5,1.53,12.5
"1421","800709","2012-03-01",12.5,3.91,30
"1422","800703","2012-03-01",7.5,2.36,17.5
"1423","800705","2012-03-01",7.5,1.26,12.5
"1424","801701","2012-03-01",7.5,1.75,12.5
"1425","801704","2012-03-01",5,1.05,7.5
"1426","801704","2012-03-01",5,1.52,10
"1427","801702","2012-03-01",7.5,2.39,17.5
"1428","801702","2012-03-01",2.5,0.35,2.5
"1429","801401","2012-03-01",37.5,6.56,72.5
"1430","120204","2012-03-01",24,22.64,96
"1431","120204","2012-03-01",26.09,9.79,50
"1432","120204","2012-03-01",34.15,18.27,87.8
"1433","120405","2012-03-01",11.9,1.79,11.9
"1434","120405","2012-03-01",6.82,2.48,9.09
"1435","120405","2012-03-01",10,5.78,25
"1436","310127","2012-03-01",29,7.65,46
"1437","310611","2012-03-01",12,2.47,17
"1438","130203","2012-03-01",80,25.45,142.5
"1439","130203","2012-03-01",27.5,6.88,37.5
"1440","130203","2012-03-01",75,21.15,137.5
"1441","930903","2012-03-01",2,0.79,4
"1442","930902","2012-03-01",19,2.84,35
"1443","540104","2012-03-01",5.71,11.25,41.9
"1444","540112","2012-03-01",27.52,5.73,27.52
"1445","580201","2012-03-01",0,0.23,2
"1446","580201","2012-03-01",0,0,0
"1447","580201","2012-03-01",0,0,0
"1448","580304","2012-03-01",0,0,0
"1449","580304","2012-03-01",0,0,0
"1450","110110","2012-03-01",7.5,6.82,7.5
"1451","510611","2012-03-01",24,11.36,41
"1452","510605","2012-03-01",13,4.7,17
"1453","510108","2012-03-01",6,1.18,6
"1454","510117","2012-03-01",14,7.75,22
"1455","471802","2012-03-01",30.69,8.77,44.55
"1456","470117","2012-03-01",26,6.77,31
"1457","470814","2012-03-01",29,7.52,34
"1458","471213","2012-03-01",16,9.75,31
"1459","270306","2012-03-01",0,0,0
"1460","810103","2012-02-01",12,2.48,15
"1461","710612","2012-02-01",38,7.37,64
"1462","710613","2012-02-01",40,8.06,54
"1463","710202","2012-02-01",17,3.14,21
"1464","361403","2012-02-01",0,0,0
"1465","361403","2012-02-01",0,0,0
"1466","361403","2012-02-01",15,2.86,19
"1467","500708","2012-02-01",10,3,12
"1468","500711","2012-02-01",17,5.08,25
"1469","730212","2012-02-01",0,0,0
"1470","730212","2012-02-01",0,0,0
"1471","730212","2012-02-01",0,0,0
"1472","730307","2012-02-01",0,0,0
"1473","730301","2012-02-01",0,0,0
"1474","730301","2012-02-01",0,0,0
"1475","730504","2012-02-01",3,0.37,3
"1476","730504","2012-02-01",0,0,0
"1477","730501","2012-02-01",0,0,0
"1478","730701","2012-02-01",0,0,0
"1479","730701","2012-02-01",3,0.92,4
"1480","730701","2012-02-01",0,0,0
"1481","730601","2012-02-01",0,0,0
"1482","730608","2012-02-01",6,2.88,10
"1483","801503","2012-02-01",75,40,195
"1484","800708","2012-02-01",7.5,1.54,12.5
"1485","800705","2012-02-01",10,2.95,22.5
"1486","800705","2012-02-01",5,1.81,15
"1487","800906","2012-02-01",18,4.59,30
"1488","801701","2012-02-01",5,10.7,72.5
"1489","801701","2012-02-01",7.5,2.88,22.5
"1490","801701","2012-02-01",2.5,0.92,7.5
"1491","801702","2012-02-01",5,1.62,12.5
"1492","801702","2012-02-01",7.5,2.13,17.5
"1493","802004","2012-02-01",8,1.16,8
"1494","802004","2012-02-01",9,1.58,11
"1495","802001","2012-02-01",4,0.68,4
"1496","802001","2012-02-01",6,1.54,13
"1497","800107","2012-02-01",18,3.65,53
"1498","140516","2012-02-01",23.33,6.99,66.67
"1499","140615","2012-02-01",10,2.61,15
"1500","140615","2012-02-01",20,6.18,27.5
"1501","140615","2012-02-01",25,5.26,40
"1502","140101","2012-02-01",0,0,0
"1503","141205","2012-02-01",12.5,3.7,15
"1504","141205","2012-02-01",0,0,0
"1505","141205","2012-02-01",32.5,8.97,50
"1506","141401","2012-02-01",35,15.03,57.5
"1507","141401","2012-02-01",25,8.61,32.5
"1508","141401","2012-02-01",42.5,13.28,80
"1509","210502","2012-02-01",23,7.73,43
"1510","700405","2012-02-01",0,0,0
"1511","700411","2012-02-01",0,0,0
"1512","700601","2012-02-01",0,0,0
"1513","700607","2012-02-01",0,0,0
"1514","700602","2012-02-01",6,0.76,6
"1515","740209","2012-02-01",0,0,0
"1516","740205","2012-02-01",4,0.86,6
"1517","740202","2012-02-01",0,0,0
"1518","740301","2012-02-01",0,0,0
"1519","740303","2012-02-01",0,0,0
"1520","740304","2012-02-01",27,6.59,38
"1521","720712","2012-02-01",4,0.64,6
"1522","720712","2012-02-01",6,1.41,14
"1523","430502","2012-02-01",0,0,0
"1524","430110","2012-02-01",0,0,0
"1525","410415","2012-02-01",0,0,0
"1526","411101","2012-02-01",0,0,0
"1527","411701","2012-02-01",0,0,0
"1528","411901","2012-02-01",0,0,0
"1529","410101","2012-02-01",0,0,0
"1530","410601","2012-02-01",0,0,0
"1531","810201","2012-01-01",56.82,10.97,79.55
"1532","810201","2012-01-01",56.1,8.95,68.29
"1533","810601","2012-01-01",10,1.58,12.5
"1534","810601","2012-01-01",0,0,0
"1535","810103","2012-01-01",10,2.99,12.5
"1536","810103","2012-01-01",15,8.63,30
"1537","810504","2012-01-01",10,2.4,12.5
"1538","810504","2012-01-01",10,1.2,7.5
"1539","630609","2012-01-01",0,0,0
"1540","630606","2012-01-01",12.5,2.85,20
"1541","630610","2012-01-01",20,1.49,12.5
"1542","630608","2012-01-01",10,0.54,5
"1543","801904","2012-01-01",17.5,1.52,17.5
"1544","801904","2012-01-01",7.5,0.99,5
"1545","800404","2012-01-01",30,7.51,65
"1546","800404","2012-01-01",35,7.49,57.5
"1547","800708","2012-01-01",2.5,0.3,2.5
"1548","800710","2012-01-01",12.5,3.87,32.5
"1549","800710","2012-01-01",7.5,2.86,22.5
"1550","800710","2012-01-01",17.5,4.37,50
"1551","800710","2012-01-01",10,3.48,30
"1552","800709","2012-01-01",12.5,3.14,27.5
"1553","800709","2012-01-01",15,4.17,40
"1554","800705","2012-01-01",2.5,0.23,2.5
"1555","800705","2012-01-01",15,3.56,35
"1556","800705","2012-01-01",7.5,1.66,20
"1557","802201","2012-01-01",10,2.76,10
"1558","802201","2012-01-01",2.5,0.98,5
"1559","800613","2012-01-01",2.5,1.38,7.5
"1560","800613","2012-01-01",10,1.91,17.5
"1561","801803","2012-01-01",92.5,24.24,140
"1562","801803","2012-01-01",67.5,10.12,105
"1563","800906","2012-01-01",57.5,13.94,242.5
"1564","800901","2012-01-01",15,5.61,15
"1565","801105","2012-01-01",15,19.19,47.5
"1566","801105","2012-01-01",57.5,13.87,107.5
"1567","801002","2012-01-01",47.5,16.48,185
"1568","801002","2012-01-01",17.5,6.5,20
"1569","801701","2012-01-01",17.5,2.08,17.5
"1570","801701","2012-01-01",22.5,2.07,20
"1571","800501","2012-01-01",32.5,7.95,65
"1572","800501","2012-01-01",35,8.73,77.5
"1573","801409","2012-01-01",75,16.11,145
"1574","801409","2012-01-01",65,31.25,150
"1575","310202","2012-01-01",12,4.22,16
"1576","310204","2012-01-01",9,2.38,10
"1577","312001","2012-01-01",13,2.11,15
"1578","311504","2012-01-01",39,5.53,56
"1579","310907","2012-01-01",11,2.5,12
"1580","310910","2012-01-01",12,2.33,12
"1581","310601","2012-01-01",20,3.25,24
"1582","810304","2011-12-01",10,1.99,10
"1583","810304","2011-12-01",2.5,0.66,2.5
"1584","810401","2011-12-01",5,1.32,5
"1585","810401","2011-12-01",5,1.54,5
"1586","810701","2011-12-01",10,16.67,7.5
"1587","810801","2011-12-01",7.5,3.45,17.5
"1588","810801","2011-12-01",7.5,3.23,12.5
"1589","801502","2011-12-01",15,5.56,25
"1590","801502","2011-12-01",27.5,5.83,30
"1591","802303","2011-12-01",7.5,1.38,5
"1592","802303","2011-12-01",80,14.97,147.5
"1593","800701","2011-12-01",2.5,1.78,10
"1594","800801","2011-12-01",15,0,0
"1595","800801","2011-12-01",52.5,16.41,105
"1596","801210","2011-12-01",30,3.24,32.5
"1597","801210","2011-12-01",0,0,0
"1598","800201","2011-12-01",0,0,0
"1599","800201","2011-12-01",17.5,4.64,22.5
"1600","802004","2011-12-01",0,0,0
"1601","802004","2011-12-01",7.5,3.25,12.5
"1602","800107","2011-12-01",0,0,0
"1603","801301","2011-12-01",5,0.82,5
"1604","801301","2011-12-01",15,1.61,15
"1605","800304","2011-12-01",25,3.65,37.5
"1606","800304","2011-12-01",2.5,1.27,5
"1607","801409","2011-12-01",47.5,14.67,55
"1608","801409","2011-12-01",52.5,3.98,22.5
"1609","801601","2011-12-01",0,0,0
"1610","801601","2011-12-01",17.5,2.83,32.5
"1611","801601","2011-12-01",10,0.26,2.5
"1612","801601","2011-12-01",0,0,0
"1613","800708","2011-11-01",10,2.83,20
"1614","800708","2011-11-01",12.5,3.81,22.5
"1615","800703","2011-11-01",15,4.36,30
"1616","800705","2011-11-01",15,4.69,25
"1617","810702","2011-10-01",2.5,0.39,2.5
"1618","810703","2011-10-01",5,0.83,5
"1619","810703","2011-10-01",10,1.62,10
"1620","810703","2011-10-01",5,0.82,5
"1621","810701","2011-10-01",2.5,0.38,2.5
"1622","800710","2011-10-01",15,0.57,2.5
"1623","800703","2011-10-01",12.5,4.07,30
"1624","800911","2011-10-01",32.5,12.04,97.5
"1625","800911","2011-10-01",37.5,11.31,112.5
"1626","810401","2011-09-01",7.5,1.81,7.5
"1627","810401","2011-09-01",10,2.38,10
"1628","810401","2011-09-01",7.5,1.76,7.5
"1629","810403","2011-09-01",10,2.37,10
"1630","810403","2011-09-01",10,2.5,10
"1631","810403","2011-09-01",7.5,1.78,7.5
"1632","810405","2011-09-01",7.5,1.81,7.5
"1633","810405","2011-09-01",10,2.41,10
"1634","810703","2011-09-01",0,0,0
"1635","810703","2011-09-01",5,0.81,5
"1636","810701","2011-09-01",5,0.75,5
"1637","800406","2011-09-01",30,3.01,30
"1638","800406","2011-09-01",25,2.75,25
"1639","800404","2011-09-01",42.5,4.16,42.5
"1640","800404","2011-09-01",37.5,4.23,37.5
"1641","800708","2011-09-01",7.5,1.61,13.75
"1642","800708","2011-09-01",6.25,1.23,10
"1643","800710","2011-09-01",9.17,2.11,15
"1644","800703","2011-09-01",7.5,2,15
"1645","800706","2011-09-01",7.5,1.72,13.75
"1646","800706","2011-09-01",8.75,1.89,15
"1647","800706","2011-09-01",10,2.47,20
"1648","800904","2011-09-01",17.5,7.2,65
"1649","800904","2011-09-01",20,3.77,20
"1650","800904","2011-09-01",22.5,8.45,60
"1651","800909","2011-09-01",17.5,4.43,22.5
"1652","800905","2011-09-01",22.5,4.11,22.5
"1653","800905","2011-09-01",22.5,4.76,22.5
"1654","800905","2011-09-01",27.5,10.86,95
"1655","801701","2011-09-01",12.5,3.46,25
"1656","801704","2011-09-01",10,3.72,27.5
"1657","801704","2011-09-01",12.5,13.44,102.5
"1658","801704","2011-09-01",10,2.33,15
"1659","801704","2011-09-01",12.5,3.38,25
"1660","801702","2011-09-01",7.5,2.65,20
"1661","801702","2011-09-01",10,2.7,20
"1662","801702","2011-09-01",7.5,2.65,20
"1663","801702","2011-09-01",10,2.7,20
"1664","810115","2011-08-01",4,1.09,4
"1665","810808","2011-08-01",6,0.41,3
"1666","710612","2011-08-01",42,8.45,84
"1667","710613","2011-08-01",68,18.76,176
"1668","710202","2011-08-01",30,5.68,50
"1669","730307","2011-08-01",10,2.6,16
"1670","730701","2011-08-01",4,4.62,29
"1671","730608","2011-08-01",0,0,0
"1672","800404","2011-08-01",7.5,3,25
"1673","800903","2011-08-01",4,1.33,10
"1674","802004","2011-08-01",6.43,0.72,3.57
"1675","800120","2011-08-01",5,0.83,6
"1676","700405","2011-08-01",0,0,0
"1677","700602","2011-08-01",5,0.62,5
"1678","700504","2011-08-01",28,3.75,36
"1679","700701","2011-08-01",22,4.5,25
"1680","700103","2011-08-01",0,0,0
"1681","740209","2011-08-01",20,4.87,19
"1682","740304","2011-08-01",2,0.35,2
"1683","720712","2011-08-01",18,2.52,24
"1684","720712","2011-08-01",14,2.03,20
"1685","810403","2011-07-01",10,2.4,10
"1686","810405","2011-07-01",7.5,1.66,7.5
"1687","810405","2011-07-01",7.5,1.79,7.5
"1688","810405","2011-07-01",10,2.19,10
"1689","810703","2011-07-01",2.5,0,0
"1690","810703","2011-07-01",2.5,1.89,2.5
"1691","810701","2011-07-01",2.5,1.56,2.5
"1692","800409","2011-07-01",17.5,2.2,17.5
"1693","800409","2011-07-01",20,2.32,20
"1694","800913","2011-07-01",27.5,11.66,100
"1695","800911","2011-07-01",40,12.53,140
"1696","800906","2011-07-01",30,6.65,62.5
"1697","800910","2011-07-01",40,11.5,122.5
"1698","801701","2011-07-01",12.5,1.77,12.5
"1699","801704","2011-07-01",15,2.58,17.5
"1700","801704","2011-07-01",15,2.21,15
"1701","801702","2011-07-01",12.5,2.03,15
"1702","801702","2011-07-01",17.5,2.5,17.5
"1703","800502","2011-07-01",20,2.37,20
"1704","800502","2011-07-01",17.5,2,17.5
"1705","120404","2011-07-01",32.5,11.49,75
"1706","120404","2011-07-01",34.15,12.41,43.9
"1707","120404","2011-07-01",26.19,12.87,61.9
"1708","120404","2011-07-01",34.15,0,0
"1709","840808","2011-06-01",26,9.23,42
"1710","840808","2011-06-01",21,8.08,32
"1711","810405","2011-05-01",7.5,1.85,7.5
"1712","810701","2011-05-01",2.5,0.4,2.5
"1713","810808","2011-05-01",0,0,0
"1714","103001","2011-05-01",0,0,0
"1715","710612","2011-05-01",46,7.63,78
"1716","710613","2011-05-01",70,17.19,152
"1717","710202","2011-05-01",32,6.73,55
"1718","730307","2011-05-01",26,6.63,64
"1719","730701","2011-05-01",24,11.53,80
"1720","730101","2011-05-01",4,1.39,8
"1721","730101","2011-05-01",8,2.01,10
"1722","730101","2011-05-01",6,1.57,7
"1723","730608","2011-05-01",4,4.17,10
"1724","800416","2011-05-01",47.5,13.54,77.5
"1725","800401","2011-05-01",30,13.9,65
"1726","800404","2011-05-01",17.5,2.2,17.5
"1727","800404","2011-05-01",20,2.32,20
"1728","800405","2011-05-01",35,15.79,75
"1729","800409","2011-05-01",22.5,2.57,22.5
"1730","800409","2011-05-01",20,2.37,20
"1731","800710","2011-05-01",10,2.8,22.5
"1732","800710","2011-05-01",7.5,1.87,15
"1733","800709","2011-05-01",15,3.41,32.5
"1734","800703","2011-05-01",12.5,4.07,30
"1735","800705","2011-05-01",12.5,3.2,22.5
"1736","800903","2011-05-01",4,1.03,8
"1737","801101","2011-05-01",32.5,14.1,80
"1738","802004","2011-05-01",6.43,0.72,3.57
"1739","800501","2011-05-01",32.5,17.06,72.5
"1740","800120","2011-05-01",5,0.77,6
"1741","120404","2011-05-01",11.65,11.52,12.14
"1742","120404","2011-05-01",44.44,15.35,86.67
"1743","120402","2011-05-01",9.62,10.38,9.13
"1744","120402","2011-05-01",23.91,10.14,45.65
"1745","120304","2011-05-01",12.77,1.49,4.26
"1746","120601","2011-05-01",0,0,0
"1747","130101","2011-05-01",0,0,0
"1748","130101","2011-05-01",0,0,0
"1749","140605","2011-05-01",16.67,3.27,40
"1750","140106","2011-05-01",19.7,4.96,54.55
"1751","700401","2011-05-01",0,0,0
"1752","700602","2011-05-01",5,0.69,5
"1753","700501","2011-05-01",5,0.16,1
"1754","700708","2011-05-01",5,1.31,6
"1755","700103","2011-05-01",0,0,0
"1756","740209","2011-05-01",20,6.65,28
"1757","740304","2011-05-01",0,0,0
"1758","720712","2011-05-01",44,6.73,82
"1759","720712","2011-05-01",18,3.73,38
"1760","810204","2011-04-01",0,0,0
"1761","810403","2011-04-01",7.5,1.89,7.5
"1762","810403","2011-04-01",7.5,35.34,100
"1763","810404","2011-04-01",10,2.42,10
"1764","810405","2011-04-01",10,1.78,7.5
"1765","810405","2011-04-01",10,2.45,10
"1766","800406","2011-04-01",27.5,5.94,47.5
"1767","800404","2011-04-01",32.5,3.38,32.5
"1768","800404","2011-04-01",22.5,3.61,30
"1769","800404","2011-04-01",35,4.86,35
"1770","800708","2011-04-01",12.5,3.16,25
"1771","800708","2011-04-01",7.5,1.87,12.5
"1772","800702","2011-04-01",15,3.1,22.5
"1773","800706","2011-04-01",15,3.45,22.5
"1774","800706","2011-04-01",10,3.36,22.5
"1775","801701","2011-04-01",12.5,3.53,27.5
"1776","801704","2011-04-01",17.5,8.93,75
"1777","801702","2011-04-01",12.5,4.08,32.5
"1778","801702","2011-04-01",12.5,3.67,30
"1779","801702","2011-04-01",17.5,4.36,35
"1780","810201","2011-03-01",10,1.44,10
"1781","810201","2011-03-01",7.5,1.11,7.5
"1782","810405","2011-03-01",7.5,1.69,7.5
"1783","810106","2011-03-01",5,0.83,5
"1784","810115","2011-03-01",15,5.23,20
"1785","810115","2011-03-01",5,2.15,6.67
"1786","810115","2011-03-01",15,5.23,20
"1787","810703","2011-03-01",5,0.86,5
"1788","810701","2011-03-01",2.5,0.44,2.5
"1789","810502","2011-03-01",7.5,1.52,7.5
"1790","810502","2011-03-01",5,0.69,5
"1791","810501","2011-03-01",12.5,2.1,12.5
"1792","730102","2011-03-01",17,4.58,26
"1793","730102","2011-03-01",28,8.26,46
"1794","730102","2011-03-01",42,11.85,75
"1795","800404","2011-03-01",20,2.54,20
"1796","800404","2011-03-01",22.5,2.1,20
"1797","800404","2011-03-01",27.5,3.67,27.5
"1798","800404","2011-03-01",30,3.37,30
"1799","800710","2011-03-01",15,4.25,27.5
"1800","800705","2011-03-01",20,7.41,55
"1801","801701","2011-03-01",10,2.41,20
"1802","801701","2011-03-01",10,2.33,20
"1803","801701","2011-03-01",15,2.84,27.5
"1804","801701","2011-03-01",12.5,2.18,20
"1805","801702","2011-03-01",0,0,0
"1806","140605","2011-03-01",7.5,6.86,43.33
"1807","810115","2011-02-01",5,2.4,6.67
"1808","810808","2011-02-01",0,0,0
"1809","810808","2011-02-01",0,0,0
"1810","710612","2011-02-01",66,17.63,134
"1811","710613","2011-02-01",80,29.51,206
"1812","710202","2011-02-01",50,11.19,79
"1813","730307","2011-02-01",13,0,0
"1814","730701","2011-02-01",32,10.77,89
"1815","800404","2011-02-01",15,3.06,15
"1816","800404","2011-02-01",17.5,2.86,17.5
"1817","800404","2011-02-01",22.5,3.35,22.5
"1818","800404","2011-02-01",12.5,2.39,12.5
"1819","800913","2011-02-01",30,3.36,27.5
"1820","800909","2011-02-01",15,2.33,17.5
"1821","800905","2011-02-01",20,2.91,22.5
"1822","800906","2011-02-01",25,2.77,25
"1823","700405","2011-02-01",0,0,0
"1824","700602","2011-02-01",1,0.13,1
"1825","700504","2011-02-01",3,0.41,3
"1826","700708","2011-02-01",2,0.45,3
"1827","700103","2011-02-01",0,0,0
"1828","740209","2011-02-01",17,7.54,23
"1829","740304","2011-02-01",0,0,0
"1830","720712","2011-02-01",66,13.39,146
"1831","720712","2011-02-01",12,2.03,14
"1832","730608","2011-01-01",9,4.68,16
