,Week,Year,addrcode,temperature
0,1,2015,810103,26.685
1,1,2015,810105,27.2225
2,1,2015,810106,27.24
3,1,2015,810111,27.0425
4,1,2015,810115,26.855000000000004
5,1,2015,810116,25.3425
6,1,2015,810117,27.1825
7,1,2015,810118,27.6375
8,1,2015,810201,26.4675
9,1,2015,810202,27.275
10,1,2015,810203,27.03
11,1,2015,810204,26.6875
12,1,2015,810205,26.37
13,1,2015,810206,27.395
14,1,2015,810303,27.3275
15,1,2015,810304,27.1675
16,1,2015,810305,26.595
17,1,2015,810401,27.352500000000006
18,1,2015,810402,26.6425
19,1,2015,810403,27.700000000000006
20,1,2015,810404,26.315
21,1,2015,810405,27.494999999999994
22,1,2015,810406,27.242500000000003
23,1,2015,810407,27.4925
24,1,2015,810501,26.725000000000005
25,1,2015,810503,27.205
26,1,2015,810504,26.6625
27,1,2015,810505,25.9975
28,1,2015,810506,26.99
29,1,2015,810507,27.2025
30,1,2015,810508,27.3975
31,1,2015,810509,26.695000000000004
32,1,2015,810601,26.1925
33,1,2015,810602,27.2525
34,1,2015,810603,27.3425
35,1,2015,810604,27.085000000000004
36,1,2015,810701,26.6225
37,1,2015,810702,27.0425
38,1,2015,810703,27.0
39,1,2015,810704,25.665000000000006
40,1,2015,810801,28.25
41,1,2015,810803,27.0675
42,1,2015,810804,27.095
43,1,2015,810805,27.72
44,1,2015,810806,27.442499999999995
45,1,2015,810807,27.0775
46,1,2015,810808,27.265
423,10,2015,810103,32.38285714285714
424,10,2015,810105,30.674285714285713
425,10,2015,810106,30.32071428571429
426,10,2015,810111,31.48535714285714
427,10,2015,810115,30.815357142857145
428,10,2015,810116,30.69857142857143
429,10,2015,810117,31.252857142857145
430,10,2015,810118,30.89089285714286
431,10,2015,810201,32.222142857142856
432,10,2015,810202,31.158214285714287
433,10,2015,810203,31.65142857142857
434,10,2015,810204,31.438214285714285
435,10,2015,810205,31.035535714285718
436,10,2015,810206,31.597678571428574
437,10,2015,810303,30.41892857142857
438,10,2015,810304,30.628750000000004
439,10,2015,810305,29.482857142857146
440,10,2015,810401,31.36267857142857
441,10,2015,810402,30.569464285714282
442,10,2015,810403,31.679821428571426
443,10,2015,810404,31.94607142857143
444,10,2015,810405,31.755535714285717
445,10,2015,810406,31.474642857142854
446,10,2015,810407,31.973214285714285
447,10,2015,810501,31.458928571428572
448,10,2015,810503,31.223571428571425
449,10,2015,810504,30.663214285714282
450,10,2015,810505,28.771964285714287
451,10,2015,810506,31.67178571428571
452,10,2015,810507,30.642678571428572
453,10,2015,810508,31.75464285714286
454,10,2015,810509,31.720357142857146
455,10,2015,810601,30.030714285714282
456,10,2015,810602,30.98107142857143
457,10,2015,810603,31.01125
458,10,2015,810604,31.069285714285716
459,10,2015,810701,31.150178571428572
460,10,2015,810702,31.981607142857147
461,10,2015,810703,31.24517857142857
462,10,2015,810704,31.28017857142857
463,10,2015,810801,32.28874999999999
464,10,2015,810803,30.991071428571434
465,10,2015,810804,31.21892857142857
466,10,2015,810805,32.0575
467,10,2015,810806,31.34107142857143
468,10,2015,810807,31.83553571428572
469,10,2015,810808,31.974107142857147
470,11,2015,810103,32.745357142857145
471,11,2015,810105,31.062142857142852
472,11,2015,810106,31.23428571428572
473,11,2015,810111,32.010535714285716
474,11,2015,810115,31.289285714285718
475,11,2015,810116,31.238571428571444
476,11,2015,810117,31.742500000000003
477,11,2015,810118,31.387142857142855
478,11,2015,810201,32.61446428571429
479,11,2015,810202,31.75
480,11,2015,810203,31.834642857142853
481,11,2015,810204,31.572678571428572
482,11,2015,810205,31.882678571428574
483,11,2015,810206,32.035357142857144
484,11,2015,810303,30.402142857142852
485,11,2015,810304,30.774107142857147
486,11,2015,810305,29.763214285714284
487,11,2015,810401,31.504464285714285
488,11,2015,810402,31.087678571428572
489,11,2015,810403,31.73071428571428
490,11,2015,810404,31.247142857142855
491,11,2015,810405,30.966607142857146
492,11,2015,810406,32.21928571428571
493,11,2015,810407,32.49339285714286
494,11,2015,810501,31.672321428571426
495,11,2015,810503,32.378750000000004
496,11,2015,810504,31.216071428571443
497,11,2015,810505,29.623035714285717
498,11,2015,810506,32.0075
499,11,2015,810507,31.532857142857146
500,11,2015,810508,31.97964285714286
501,11,2015,810509,31.92178571428571
502,11,2015,810601,30.72678571428571
503,11,2015,810602,31.999642857142852
504,11,2015,810603,31.779107142857146
505,11,2015,810604,31.641964285714288
506,11,2015,810701,31.54303571428571
507,11,2015,810702,32.9925
508,11,2015,810703,31.93392857142857
509,11,2015,810704,31.474821428571428
510,11,2015,810801,33.43517857142857
511,11,2015,810803,30.770714285714288
512,11,2015,810804,32.128571428571426
513,11,2015,810805,32.486785714285716
514,11,2015,810806,30.77303571428572
515,11,2015,810807,31.931071428571425
516,11,2015,810808,32.4
517,12,2015,810103,32.6675
518,12,2015,810105,30.57
519,12,2015,810106,30.9525
520,12,2015,810111,31.87375
521,12,2015,810115,31.110000000000007
522,12,2015,810116,30.695
523,12,2015,810117,31.520000000000003
524,12,2015,810118,31.52125
525,12,2015,810201,32.706250000000004
526,12,2015,810202,32.415000000000006
527,12,2015,810203,31.557500000000005
528,12,2015,810204,31.921250000000004
529,12,2015,810205,32.04
530,12,2015,810206,32.30875
531,12,2015,810303,30.57
532,12,2015,810304,31.4175
533,12,2015,810305,29.66
534,12,2015,810401,31.1525
535,12,2015,810402,30.737500000000004
536,12,2015,810403,31.90875
537,12,2015,810404,30.91
538,12,2015,810405,30.73999999999999
539,12,2015,810406,32.4025
540,12,2015,810407,32.79375
541,12,2015,810501,31.21125
542,12,2015,810503,32.37624999999999
543,12,2015,810504,30.9275
544,12,2015,810505,29.815
545,12,2015,810506,31.605
546,12,2015,810507,31.56625
547,12,2015,810508,31.7325
548,12,2015,810509,31.7825
549,12,2015,810601,30.895
550,12,2015,810602,31.8525
551,12,2015,810603,31.545
552,12,2015,810604,31.331250000000004
553,12,2015,810701,31.30500000000001
554,12,2015,810702,32.81375
555,12,2015,810703,31.53625
556,12,2015,810704,31.1225
557,12,2015,810801,33.205000000000005
558,12,2015,810803,30.1875
559,12,2015,810804,31.675
560,12,2015,810805,32.95
561,12,2015,810806,29.91875
562,12,2015,810807,31.33375
563,12,2015,810808,32.761250000000004
564,13,2015,810103,32.555
565,13,2015,810105,30.21
566,13,2015,810106,30.255000000000006
567,13,2015,810111,31.45000000000001
568,13,2015,810115,30.975
569,13,2015,810116,30.640000000000004
570,13,2015,810117,31.02500000000001
571,13,2015,810118,31.785
572,13,2015,810201,32.665
573,13,2015,810202,32.34500000000001
574,13,2015,810203,31.22
575,13,2015,810204,31.815
576,13,2015,810205,31.460000000000004
577,13,2015,810206,32.145
578,13,2015,810303,31.315
579,13,2015,810304,32.115
580,13,2015,810305,29.65
581,13,2015,810401,31.51
582,13,2015,810402,30.68
583,13,2015,810403,32.475
584,13,2015,810404,31.51
585,13,2015,810405,31.765000000000004
586,13,2015,810406,32.27
587,13,2015,810407,32.675
588,13,2015,810501,30.885
589,13,2015,810503,31.23500000000001
590,13,2015,810504,30.42
591,13,2015,810505,29.85
592,13,2015,810506,31.08
593,13,2015,810507,31.075
594,13,2015,810508,31.215
595,13,2015,810509,31.46
596,13,2015,810601,30.315
597,13,2015,810602,30.64
598,13,2015,810603,30.695
599,13,2015,810604,30.975
600,13,2015,810701,31.085
601,13,2015,810702,31.745
602,13,2015,810703,30.96
603,13,2015,810704,30.95
604,13,2015,810801,32.71
605,13,2015,810803,30.31
606,13,2015,810804,31.27
607,13,2015,810805,33.165
608,13,2015,810806,29.925
609,13,2015,810807,31.07500000000001
610,13,2015,810808,32.93
611,14,2015,810103,32.690000000000005
612,14,2015,810105,30.54
613,14,2015,810106,30.225
614,14,2015,810111,31.161250000000006
615,14,2015,810115,31.020000000000003
616,14,2015,810116,31.545000000000005
617,14,2015,810117,31.145000000000003
618,14,2015,810118,32.09375
619,14,2015,810201,32.68375
620,14,2015,810202,31.9975
621,14,2015,810203,31.223750000000006
622,14,2015,810204,31.19125
623,14,2015,810205,30.827500000000004
624,14,2015,810206,31.9175
625,14,2015,810303,31.715000000000003
626,14,2015,810304,31.9725
627,14,2015,810305,29.36625
628,14,2015,810401,31.923750000000005
629,14,2015,810402,30.91875
630,14,2015,810403,32.39625
631,14,2015,810404,31.52875
632,14,2015,810405,32.23125
633,14,2015,810406,32.1525
634,14,2015,810407,32.275
635,14,2015,810501,31.21875
636,14,2015,810503,30.7875
637,14,2015,810504,30.20875
638,14,2015,810505,29.98625
639,14,2015,810506,30.817500000000006
640,14,2015,810507,31.15
641,14,2015,810508,30.58875
642,14,2015,810509,31.32125
643,14,2015,810601,29.675
644,14,2015,810602,29.86625
645,14,2015,810603,30.2875
646,14,2015,810604,30.975
647,14,2015,810701,30.973749999999995
648,14,2015,810702,31.23125
649,14,2015,810703,31.00625
650,14,2015,810704,30.923750000000005
651,14,2015,810801,32.58625
652,14,2015,810803,30.766250000000007
653,14,2015,810804,31.9975
654,14,2015,810805,32.70125000000001
655,14,2015,810806,30.50875
656,14,2015,810807,31.42
657,14,2015,810808,33.0275
658,15,2015,810103,32.71821428571429
659,15,2015,810105,30.953392857142855
660,15,2015,810106,30.622142857142855
661,15,2015,810111,31.243035714285718
662,15,2015,810115,30.848214285714285
663,15,2015,810116,32.42982142857143
664,15,2015,810117,31.92892857142857
665,15,2015,810118,31.869464285714287
666,15,2015,810201,32.543214285714285
667,15,2015,810202,32.04982142857143
668,15,2015,810203,31.622321428571443
669,15,2015,810204,30.744821428571424
670,15,2015,810205,30.6025
671,15,2015,810206,31.90285714285714
672,15,2015,810303,31.139464285714286
673,15,2015,810304,31.116607142857145
674,15,2015,810305,28.65375
675,15,2015,810401,31.45392857142857
676,15,2015,810402,30.930357142857137
677,15,2015,810403,31.44964285714286
678,15,2015,810404,30.569285714285716
679,15,2015,810405,31.236607142857146
680,15,2015,810406,32.14303571428571
681,15,2015,810407,31.927142857142854
682,15,2015,810501,31.77267857142857
683,15,2015,810503,31.377857142857145
684,15,2015,810504,30.19892857142857
685,15,2015,810505,29.626964285714287
686,15,2015,810506,30.676607142857147
687,15,2015,810507,31.521607142857146
688,15,2015,810508,30.020892857142854
689,15,2015,810509,31.33482142857143
690,15,2015,810601,29.61750000000001
691,15,2015,810602,30.15892857142857
692,15,2015,810603,30.50732142857143
693,15,2015,810604,30.836607142857147
694,15,2015,810701,30.842142857142854
695,15,2015,810702,31.84125
696,15,2015,810703,31.52267857142857
697,15,2015,810704,30.877857142857145
698,15,2015,810801,32.300892857142856
699,15,2015,810803,30.696607142857143
700,15,2015,810804,32.95964285714286
701,15,2015,810805,31.91821428571429
702,15,2015,810806,30.75017857142857
703,15,2015,810807,31.618035714285718
704,15,2015,810808,32.74035714285714
705,16,2015,810103,32.13357142857143
706,16,2015,810105,30.661249999999995
707,16,2015,810106,30.197857142857146
708,16,2015,810111,31.490714285714287
709,16,2015,810115,30.33642857142857
710,16,2015,810116,32.143035714285716
711,16,2015,810117,31.985714285714284
712,16,2015,810118,31.148571428571426
713,16,2015,810201,31.72339285714286
714,16,2015,810202,31.807321428571424
715,16,2015,810203,32.01607142857143
716,16,2015,810204,30.79714285714286
717,16,2015,810205,30.360000000000007
718,16,2015,810206,31.758571428571425
719,16,2015,810303,30.341607142857146
720,16,2015,810304,30.56375
721,16,2015,810305,28.652142857142852
722,16,2015,810401,30.77982142857143
723,16,2015,810402,30.951607142857146
724,16,2015,810403,30.90196428571429
725,16,2015,810404,30.30375
726,16,2015,810405,30.53142857142857
727,16,2015,810406,32.036964285714284
728,16,2015,810407,31.722142857142853
729,16,2015,810501,31.435357142857143
730,16,2015,810503,30.88142857142857
731,16,2015,810504,30.00517857142857
732,16,2015,810505,28.469285714285718
733,16,2015,810506,30.18767857142857
734,16,2015,810507,30.55875
735,16,2015,810508,29.665357142857147
736,16,2015,810509,30.853571428571428
737,16,2015,810601,29.82428571428572
738,16,2015,810602,30.27017857142857
739,16,2015,810603,30.374107142857145
740,16,2015,810604,30.02660714285714
741,16,2015,810701,30.93875
742,16,2015,810702,32.446785714285696
743,16,2015,810703,31.82857142857143
744,16,2015,810704,31.155892857142852
745,16,2015,810801,31.6275
746,16,2015,810803,30.251071428571443
747,16,2015,810804,32.7075
748,16,2015,810805,31.947321428571424
749,16,2015,810806,30.486428571428572
750,16,2015,810807,31.18625
751,16,2015,810808,31.473214285714285
752,17,2015,810103,31.091785714285717
753,17,2015,810105,29.98785714285714
754,17,2015,810106,28.62642857142857
755,17,2015,810111,30.54392857142857
756,17,2015,810115,29.20607142857143
757,17,2015,810116,30.31964285714286
758,17,2015,810117,29.935357142857146
759,17,2015,810118,30.165714285714284
760,17,2015,810201,30.454642857142858
761,17,2015,810202,30.346785714285716
762,17,2015,810203,31.44
763,17,2015,810204,30.31642857142857
764,17,2015,810205,29.658214285714283
765,17,2015,810206,31.335714285714282
766,17,2015,810303,29.739285714285717
767,17,2015,810304,29.53
768,17,2015,810305,29.115357142857146
769,17,2015,810401,30.16892857142857
770,17,2015,810402,31.088571428571434
771,17,2015,810403,30.370714285714282
772,17,2015,810404,30.002142857142854
773,17,2015,810405,29.950714285714287
774,17,2015,810406,31.34428571428571
775,17,2015,810407,30.969285714285718
776,17,2015,810501,29.911785714285717
777,17,2015,810503,29.576785714285716
778,17,2015,810504,29.43392857142857
779,17,2015,810505,27.8675
780,17,2015,810506,29.205357142857146
781,17,2015,810507,28.844285714285718
782,17,2015,810508,29.391785714285714
783,17,2015,810509,29.86714285714286
784,17,2015,810601,29.459642857142853
785,17,2015,810602,29.533214285714283
786,17,2015,810603,29.48142857142857
787,17,2015,810604,29.353214285714284
788,17,2015,810701,31.165357142857147
789,17,2015,810702,32.03857142857142
790,17,2015,810703,31.46892857142857
791,17,2015,810704,31.22357142857143
792,17,2015,810801,30.504642857142855
793,17,2015,810803,29.72142857142857
794,17,2015,810804,31.470357142857146
795,17,2015,810805,32.23285714285715
796,17,2015,810806,30.00107142857143
797,17,2015,810807,30.53142857142857
798,17,2015,810808,30.179642857142852
799,18,2015,810103,28.79214285714286
800,18,2015,810105,28.869464285714287
801,18,2015,810106,25.509285714285717
802,18,2015,810111,28.146071428571428
803,18,2015,810115,27.060357142857143
804,18,2015,810116,28.677321428571428
805,18,2015,810117,26.819107142857145
806,18,2015,810118,27.64071428571429
807,18,2015,810201,27.668392857142855
808,18,2015,810202,29.564642857142854
809,18,2015,810203,30.309464285714284
810,18,2015,810204,29.867321428571433
811,18,2015,810205,28.385
812,18,2015,810206,30.516964285714284
813,18,2015,810303,29.465
814,18,2015,810304,29.05982142857143
815,18,2015,810305,26.84232142857143
816,18,2015,810401,28.410714285714285
817,18,2015,810402,30.218214285714282
818,18,2015,810403,29.952142857142853
819,18,2015,810404,29.899821428571425
820,18,2015,810405,28.662142857142854
821,18,2015,810406,29.65642857142857
822,18,2015,810407,28.978571428571428
823,18,2015,810501,28.308035714285715
824,18,2015,810503,27.76375
825,18,2015,810504,28.11303571428571
826,18,2015,810505,28.12053571428571
827,18,2015,810506,28.635178571428572
828,18,2015,810507,26.197321428571428
829,18,2015,810508,29.23803571428572
830,18,2015,810509,29.35
831,18,2015,810601,28.782857142857146
832,18,2015,810602,28.648214285714282
833,18,2015,810603,28.07892857142857
834,18,2015,810604,29.269107142857145
835,18,2015,810701,30.56107142857143
836,18,2015,810702,30.0825
837,18,2015,810703,30.061785714285715
838,18,2015,810704,30.35982142857143
839,18,2015,810801,28.82464285714286
840,18,2015,810803,27.49357142857143
841,18,2015,810804,29.189642857142857
842,18,2015,810805,31.22964285714286
843,18,2015,810806,28.53892857142857
844,18,2015,810807,28.533392857142854
845,18,2015,810808,29.062321428571433
846,19,2015,810103,28.334642857142853
847,19,2015,810105,29.4125
848,19,2015,810106,26.153392857142855
849,19,2015,810111,28.023392857142852
850,19,2015,810115,27.307857142857145
851,19,2015,810116,29.98107142857143
852,19,2015,810117,27.726785714285718
853,19,2015,810118,28.794285714285717
854,19,2015,810201,27.01517857142857
855,19,2015,810202,29.73446428571429
856,19,2015,810203,30.01589285714286
857,19,2015,810204,29.909821428571433
858,19,2015,810205,28.088214285714287
859,19,2015,810206,29.898750000000003
860,19,2015,810303,29.384642857142854
861,19,2015,810304,29.361785714285716
862,19,2015,810305,25.51946428571429
863,19,2015,810401,28.032857142857146
864,19,2015,810402,29.504285714285718
865,19,2015,810403,30.10196428571428
866,19,2015,810404,29.923928571428572
867,19,2015,810405,28.799642857142853
868,19,2015,810406,29.310535714285717
869,19,2015,810407,28.62642857142857
870,19,2015,810501,28.25017857142857
871,19,2015,810503,27.38375
872,19,2015,810504,28.006607142857145
873,19,2015,810505,28.87357142857143
874,19,2015,810506,28.8
875,19,2015,810507,25.7925
876,19,2015,810508,29.59732142857143
877,19,2015,810509,29.432142857142853
878,19,2015,810601,28.587142857142855
879,19,2015,810602,28.76535714285714
880,19,2015,810603,28.41089285714286
881,19,2015,810604,29.39392857142857
882,19,2015,810701,30.29982142857143
883,19,2015,810702,29.45285714285714
884,19,2015,810703,29.828750000000007
885,19,2015,810704,29.842142857142864
886,19,2015,810801,29.924464285714286
887,19,2015,810803,27.225535714285716
888,19,2015,810804,29.041964285714283
889,19,2015,810805,30.89142857142857
890,19,2015,810806,26.36232142857143
891,19,2015,810807,28.548214285714288
892,19,2015,810808,29.39392857142857
47,2,2015,810103,26.839285714285715
48,2,2015,810105,27.15357142857143
49,2,2015,810106,26.911607142857143
50,2,2015,810111,27.121964285714284
51,2,2015,810115,26.74767857142857
52,2,2015,810116,25.50142857142857
53,2,2015,810117,26.897142857142857
54,2,2015,810118,27.444285714285712
55,2,2015,810201,26.686607142857145
56,2,2015,810202,26.98857142857143
57,2,2015,810203,26.874107142857145
58,2,2015,810204,26.704642857142854
59,2,2015,810205,26.529285714285717
60,2,2015,810206,26.961785714285718
61,2,2015,810303,27.27892857142857
62,2,2015,810304,27.22142857142857
63,2,2015,810305,26.87875
64,2,2015,810401,27.172321428571426
65,2,2015,810402,26.533214285714283
66,2,2015,810403,27.574107142857148
67,2,2015,810404,26.315714285714282
68,2,2015,810405,27.3475
69,2,2015,810406,27.081071428571423
70,2,2015,810407,27.14446428571428
71,2,2015,810501,26.42
72,2,2015,810503,26.895714285714284
73,2,2015,810504,26.875357142857148
74,2,2015,810505,25.902857142857137
75,2,2015,810506,26.87392857142857
76,2,2015,810507,26.83642857142857
77,2,2015,810508,27.55428571428572
78,2,2015,810509,27.086964285714284
79,2,2015,810601,26.145357142857137
80,2,2015,810602,26.884107142857147
81,2,2015,810603,26.85125
82,2,2015,810604,26.99946428571429
83,2,2015,810701,26.774821428571425
84,2,2015,810702,27.351607142857148
85,2,2015,810703,27.066785714285718
86,2,2015,810704,26.16875
87,2,2015,810801,27.830535714285713
88,2,2015,810803,26.85196428571428
89,2,2015,810804,26.58196428571428
90,2,2015,810805,27.14767857142857
91,2,2015,810806,27.398392857142852
92,2,2015,810807,26.450535714285717
93,2,2015,810808,26.994464285714283
893,20,2015,810103,30.567500000000006
894,20,2015,810105,30.60625
895,20,2015,810106,29.343750000000004
896,20,2015,810111,30.02375
897,20,2015,810115,28.367500000000003
898,20,2015,810116,30.58125
899,20,2015,810117,29.13125
900,20,2015,810118,32.0125
901,20,2015,810201,29.9
902,20,2015,810202,30.11875
903,20,2015,810203,31.0725
904,20,2015,810204,30.8175
905,20,2015,810205,29.505000000000006
906,20,2015,810206,30.8675
907,20,2015,810303,29.66
908,20,2015,810304,29.66625
909,20,2015,810305,26.62
910,20,2015,810401,28.845
911,20,2015,810402,29.5125
912,20,2015,810403,30.143750000000004
913,20,2015,810404,29.693749999999994
914,20,2015,810405,29.6875
915,20,2015,810406,30.87625
916,20,2015,810407,30.31
917,20,2015,810501,29.5325
918,20,2015,810503,28.7775
919,20,2015,810504,29.555
920,20,2015,810505,29.928750000000004
921,20,2015,810506,29.39625
922,20,2015,810507,28.18625
923,20,2015,810508,30.09
924,20,2015,810509,30.5475
925,20,2015,810601,29.1
926,20,2015,810602,29.18000000000001
927,20,2015,810603,29.28125
928,20,2015,810604,29.76125
929,20,2015,810701,30.98625
930,20,2015,810702,31.157499999999995
931,20,2015,810703,31.40375
932,20,2015,810704,30.76125
933,20,2015,810801,31.81375
934,20,2015,810803,29.24125
935,20,2015,810804,31.07625
936,20,2015,810805,31.175000000000004
937,20,2015,810806,26.55875
938,20,2015,810807,30.196250000000006
939,20,2015,810808,31.15375
940,21,2015,810103,31.94
941,21,2015,810105,30.79
942,21,2015,810106,30.97
943,21,2015,810111,31.165
944,21,2015,810115,29.305000000000003
945,21,2015,810116,30.004999999999995
946,21,2015,810117,29.335
947,21,2015,810118,33.09499999999999
948,21,2015,810201,31.05
949,21,2015,810202,29.655
950,21,2015,810203,31.26
951,21,2015,810204,30.49
952,21,2015,810205,29.88
953,21,2015,810206,30.93
954,21,2015,810303,29.685
955,21,2015,810304,29.1
956,21,2015,810305,27.085
957,21,2015,810401,28.415
958,21,2015,810402,29.270000000000003
959,21,2015,810403,29.17
960,21,2015,810404,29.245
961,21,2015,810405,29.625
962,21,2015,810406,30.535
963,21,2015,810407,30.72
964,21,2015,810501,29.770000000000003
965,21,2015,810503,29.58
966,21,2015,810504,29.925000000000004
967,21,2015,810505,29.930000000000003
968,21,2015,810506,29.415
969,21,2015,810507,29.51
970,21,2015,810508,29.625
971,21,2015,810509,30.725
972,21,2015,810601,29.515000000000004
973,21,2015,810602,29.38
974,21,2015,810603,29.295000000000005
975,21,2015,810604,29.620000000000005
976,21,2015,810701,30.345
977,21,2015,810702,31.325
978,21,2015,810703,30.58
979,21,2015,810704,30.505000000000006
980,21,2015,810801,32.27499999999999
981,21,2015,810803,29.94
982,21,2015,810804,32.615
983,21,2015,810805,30.93
984,21,2015,810806,27.875
985,21,2015,810807,30.5
986,21,2015,810808,31.04
987,22,2015,810103,31.19375
988,22,2015,810105,30.5125
989,22,2015,810106,30.99875
990,22,2015,810111,30.73500000000001
991,22,2015,810115,30.17125
992,22,2015,810116,30.09625
993,22,2015,810117,29.733750000000004
994,22,2015,810118,32.66625
995,22,2015,810201,29.7925
996,22,2015,810202,28.973749999999995
997,22,2015,810203,30.05625
998,22,2015,810204,29.01125
999,22,2015,810205,29.055000000000003
1000,22,2015,810206,29.56
1001,22,2015,810303,29.379999999999995
1002,22,2015,810304,28.03125
1003,22,2015,810305,26.2075
1004,22,2015,810401,27.5725
1005,22,2015,810402,28.675
1006,22,2015,810403,28.06875
1007,22,2015,810404,28.608749999999993
1008,22,2015,810405,29.13875
1009,22,2015,810406,28.798749999999995
1010,22,2015,810407,29.858750000000004
1011,22,2015,810501,29.276250000000005
1012,22,2015,810503,29.94375
1013,22,2015,810504,29.04625
1014,22,2015,810505,29.49625
1015,22,2015,810506,29.04375
1016,22,2015,810507,29.53625
1017,22,2015,810508,28.8375
1018,22,2015,810509,29.590000000000003
1019,22,2015,810601,29.3375
1020,22,2015,810602,29.317499999999995
1021,22,2015,810603,28.82125
1022,22,2015,810604,29.25375
1023,22,2015,810701,28.665
1024,22,2015,810702,29.76375
1025,22,2015,810703,28.0425
1026,22,2015,810704,28.9175
1027,22,2015,810801,31.3525
1028,22,2015,810803,29.641250000000007
1029,22,2015,810804,32.86375
1030,22,2015,810805,30.41875
1031,22,2015,810806,28.68125
1032,22,2015,810807,30.07625
1033,22,2015,810808,29.265
1034,23,2015,810103,29.859642857142855
1035,23,2015,810105,30.530892857142852
1036,23,2015,810106,30.64910714285714
1037,23,2015,810111,29.819107142857145
1038,23,2015,810115,30.322678571428572
1039,23,2015,810116,30.78875
1040,23,2015,810117,30.521785714285713
1041,23,2015,810118,32.151964285714286
1042,23,2015,810201,29.10892857142857
1043,23,2015,810202,29.209464285714287
1044,23,2015,810203,29.17910714285714
1045,23,2015,810204,28.44875
1046,23,2015,810205,28.850357142857145
1047,23,2015,810206,28.846964285714282
1048,23,2015,810303,28.86392857142857
1049,23,2015,810304,27.80607142857143
1050,23,2015,810305,25.694285714285716
1051,23,2015,810401,28.204285714285717
1052,23,2015,810402,28.420535714285712
1053,23,2015,810403,28.12642857142857
1054,23,2015,810404,28.018750000000004
1055,23,2015,810405,29.370000000000005
1056,23,2015,810406,28.746071428571426
1057,23,2015,810407,29.73053571428572
1058,23,2015,810501,29.62910714285714
1059,23,2015,810503,30.6325
1060,23,2015,810504,28.771071428571425
1061,23,2015,810505,29.67571428571428
1062,23,2015,810506,29.16125
1063,23,2015,810507,29.955178571428576
1064,23,2015,810508,28.984821428571426
1065,23,2015,810509,28.73035714285714
1066,23,2015,810601,28.904464285714283
1067,23,2015,810602,29.213392857142853
1068,23,2015,810603,28.781785714285718
1069,23,2015,810604,29.481785714285717
1070,23,2015,810701,28.16517857142857
1071,23,2015,810702,28.803392857142853
1072,23,2015,810703,27.592857142857145
1073,23,2015,810704,27.94642857142857
1074,23,2015,810801,30.516607142857147
1075,23,2015,810803,29.870535714285715
1076,23,2015,810804,32.46660714285714
1077,23,2015,810805,30.32482142857143
1078,23,2015,810806,28.93321428571429
1079,23,2015,810807,30.43392857142857
1080,23,2015,810808,28.52
1081,24,2015,810103,29.660535714285718
1082,24,2015,810105,30.15375
1083,24,2015,810106,29.506785714285712
1084,24,2015,810111,29.330178571428572
1085,24,2015,810115,29.10642857142857
1086,24,2015,810116,29.684642857142855
1087,24,2015,810117,29.646964285714287
1088,24,2015,810118,30.5425
1089,24,2015,810201,29.986428571428572
1090,24,2015,810202,30.05428571428572
1091,24,2015,810203,29.90178571428571
1092,24,2015,810204,29.582142857142852
1093,24,2015,810205,29.701785714285716
1094,24,2015,810206,30.018392857142853
1095,24,2015,810303,28.09857142857143
1096,24,2015,810304,28.653392857142855
1097,24,2015,810305,26.52392857142857
1098,24,2015,810401,29.298928571428572
1099,24,2015,810402,28.62375
1100,24,2015,810403,28.811964285714282
1101,24,2015,810404,27.978928571428572
1102,24,2015,810405,29.674464285714286
1103,24,2015,810406,30.25017857142857
1104,24,2015,810407,30.267142857142854
1105,24,2015,810501,30.44
1106,24,2015,810503,30.61303571428571
1107,24,2015,810504,29.426964285714284
1108,24,2015,810505,29.818392857142857
1109,24,2015,810506,29.86392857142857
1110,24,2015,810507,30.35571428571429
1111,24,2015,810508,29.88375
1112,24,2015,810509,29.315714285714282
1113,24,2015,810601,29.009107142857147
1114,24,2015,810602,29.343035714285712
1115,24,2015,810603,29.42089285714286
1116,24,2015,810604,30.110535714285717
1117,24,2015,810701,29.41875
1118,24,2015,810702,28.887857142857147
1119,24,2015,810703,29.621071428571426
1120,24,2015,810704,28.3175
1121,24,2015,810801,30.829464285714284
1122,24,2015,810803,29.486785714285716
1123,24,2015,810804,31.79607142857143
1124,24,2015,810805,30.24178571428572
1125,24,2015,810806,28.696964285714287
1126,24,2015,810807,30.155892857142852
1127,24,2015,810808,29.7175
1128,25,2015,810103,29.65142857142857
1129,25,2015,810105,29.50785714285714
1130,25,2015,810106,29.197142857142854
1131,25,2015,810111,29.34607142857143
1132,25,2015,810115,28.848214285714285
1133,25,2015,810116,28.114642857142854
1134,25,2015,810117,28.42464285714286
1135,25,2015,810118,29.92928571428572
1136,25,2015,810201,30.572142857142854
1137,25,2015,810202,30.11678571428572
1138,25,2015,810203,29.781785714285718
1139,25,2015,810204,29.68892857142857
1140,25,2015,810205,30.005714285714287
1141,25,2015,810206,30.03071428571429
1142,25,2015,810303,27.749642857142852
1143,25,2015,810304,27.62821428571429
1144,25,2015,810305,27.316785714285718
1145,25,2015,810401,28.4675
1146,25,2015,810402,28.343571428571426
1147,25,2015,810403,28.16464285714286
1148,25,2015,810404,28.181071428571425
1149,25,2015,810405,28.70357142857143
1150,25,2015,810406,29.65892857142857
1151,25,2015,810407,29.406071428571433
1152,25,2015,810501,29.77607142857143
1153,25,2015,810503,30.289642857142855
1154,25,2015,810504,29.232500000000005
1155,25,2015,810505,29.31607142857143
1156,25,2015,810506,29.861428571428576
1157,25,2015,810507,29.977142857142855
1158,25,2015,810508,30.165
1159,25,2015,810509,29.537142857142857
1160,25,2015,810601,29.353928571428572
1161,25,2015,810602,29.344642857142855
1162,25,2015,810603,30.479285714285712
1163,25,2015,810604,29.814642857142857
1164,25,2015,810701,29.884642857142854
1165,25,2015,810702,28.906071428571433
1166,25,2015,810703,29.88678571428572
1167,25,2015,810704,28.545714285714286
1168,25,2015,810801,30.556071428571435
1169,25,2015,810803,28.498214285714283
1170,25,2015,810804,30.849285714285717
1171,25,2015,810805,29.42214285714286
1172,25,2015,810806,26.24535714285714
1173,25,2015,810807,27.8975
1174,25,2015,810808,30.483214285714286
1175,26,2015,810103,25.677857142857146
1176,26,2015,810105,27.64803571428572
1177,26,2015,810106,29.20285714285714
1178,26,2015,810111,27.931607142857146
1179,26,2015,810115,27.069285714285712
1180,26,2015,810116,26.44392857142857
1181,26,2015,810117,25.371607142857147
1182,26,2015,810118,28.635357142857146
1183,26,2015,810201,30.212857142857146
1184,26,2015,810202,29.56482142857143
1185,26,2015,810203,28.314464285714287
1186,26,2015,810204,28.5
1187,26,2015,810205,29.154464285714283
1188,26,2015,810206,27.96517857142857
1189,26,2015,810303,27.50625
1190,26,2015,810304,26.544285714285717
1191,26,2015,810305,26.677321428571425
1192,26,2015,810401,26.761607142857148
1193,26,2015,810402,28.037142857142854
1194,26,2015,810403,26.435892857142854
1195,26,2015,810404,27.705535714285716
1196,26,2015,810405,27.17517857142857
1197,26,2015,810406,27.75642857142857
1198,26,2015,810407,27.41446428571428
1199,26,2015,810501,27.404107142857146
1200,26,2015,810503,29.295892857142853
1201,26,2015,810504,27.553035714285716
1202,26,2015,810505,27.984107142857138
1203,26,2015,810506,28.018214285714286
1204,26,2015,810507,28.955178571428572
1205,26,2015,810508,29.75
1206,26,2015,810509,28.428750000000008
1207,26,2015,810601,28.04232142857143
1208,26,2015,810602,27.775714285714287
1209,26,2015,810603,29.51107142857143
1210,26,2015,810604,28.91625
1211,26,2015,810701,28.504464285714285
1212,26,2015,810702,29.51946428571428
1213,26,2015,810703,28.077857142857145
1214,26,2015,810704,28.197857142857146
1215,26,2015,810801,26.26267857142857
1216,26,2015,810803,26.85464285714286
1217,26,2015,810804,28.318214285714284
1218,26,2015,810805,27.44232142857143
1219,26,2015,810806,25.055892857142858
1220,26,2015,810807,25.06375
1221,26,2015,810808,29.111428571428572
1222,27,2015,810103,24.34321428571429
1223,27,2015,810105,26.794464285714287
1224,27,2015,810106,28.71375
1225,27,2015,810111,27.169107142857147
1226,27,2015,810115,26.351785714285718
1227,27,2015,810116,26.547321428571433
1228,27,2015,810117,24.841785714285717
1229,27,2015,810118,27.57410714285714
1230,27,2015,810201,29.506785714285716
1231,27,2015,810202,29.14982142857143
1232,27,2015,810203,28.031071428571433
1233,27,2015,810204,28.057857142857145
1234,27,2015,810205,28.30625
1235,27,2015,810206,27.33892857142857
1236,27,2015,810303,27.416428571428572
1237,27,2015,810304,27.502142857142854
1238,27,2015,810305,26.44571428571428
1239,27,2015,810401,26.795714285714286
1240,27,2015,810402,28.37607142857143
1241,27,2015,810403,26.473035714285718
1242,27,2015,810404,27.46017857142857
1243,27,2015,810405,25.09321428571429
1244,27,2015,810406,27.48482142857143
1245,27,2015,810407,27.244642857142857
1246,27,2015,810501,26.514464285714286
1247,27,2015,810503,28.495357142857145
1248,27,2015,810504,26.80125
1249,27,2015,810505,27.01839285714286
1250,27,2015,810506,27.062142857142852
1251,27,2015,810507,28.38125
1252,27,2015,810508,29.18267857142857
1253,27,2015,810509,27.852142857142855
1254,27,2015,810601,27.23803571428571
1255,27,2015,810602,27.334464285714287
1256,27,2015,810603,28.38321428571428
1257,27,2015,810604,28.58107142857143
1258,27,2015,810701,27.830535714285716
1259,27,2015,810702,29.73339285714286
1260,27,2015,810703,27.26160714285714
1261,27,2015,810704,27.92660714285714
1262,27,2015,810801,25.075535714285717
1263,27,2015,810803,25.334464285714283
1264,27,2015,810804,27.285714285714285
1265,27,2015,810805,27.236071428571428
1266,27,2015,810806,25.72714285714286
1267,27,2015,810807,25.410357142857148
1268,27,2015,810808,28.28125
1269,28,2015,810103,26.495000000000005
1270,28,2015,810105,27.652500000000003
1271,28,2015,810106,27.37875
1272,28,2015,810111,27.6925
1273,28,2015,810115,27.047500000000007
1274,28,2015,810116,27.883750000000006
1275,28,2015,810117,26.71875
1276,28,2015,810118,27.56625
1277,28,2015,810201,28.9675
1278,28,2015,810202,28.547500000000007
1279,28,2015,810203,28.911250000000006
1280,28,2015,810204,28.3025
1281,28,2015,810205,27.96
1282,28,2015,810206,27.25625
1283,28,2015,810303,27.65875
1284,28,2015,810304,28.2825
1285,28,2015,810305,26.66375
1286,28,2015,810401,27.94875
1287,28,2015,810402,28.7675
1288,28,2015,810403,28.215000000000003
1289,28,2015,810404,28.2175
1290,28,2015,810405,25.026250000000005
1291,28,2015,810406,28.04625
1292,28,2015,810407,27.54125
1293,28,2015,810501,27.325
1294,28,2015,810503,28.036250000000006
1295,28,2015,810504,27.807500000000005
1296,28,2015,810505,27.2025
1297,28,2015,810506,27.49
1298,28,2015,810507,27.265
1299,28,2015,810508,28.52625
1300,28,2015,810509,28.61875
1301,28,2015,810601,27.1625
1302,28,2015,810602,27.75625
1303,28,2015,810603,28.3925
1304,28,2015,810604,27.891250000000007
1305,28,2015,810701,28.355
1306,28,2015,810702,29.6725
1307,28,2015,810703,28.33875
1308,28,2015,810704,28.24625
1309,28,2015,810801,26.355
1310,28,2015,810803,25.986249999999995
1311,28,2015,810804,27.7525
1312,28,2015,810805,27.206250000000004
1313,28,2015,810806,26.84375
1314,28,2015,810807,26.92875
1315,28,2015,810808,28.06875
1316,29,2015,810103,27.41
1317,29,2015,810105,27.24
1318,29,2015,810106,25.415
1319,29,2015,810111,27.685
1320,29,2015,810115,27.380000000000006
1321,29,2015,810116,28.345
1322,29,2015,810117,27.860000000000007
1323,29,2015,810118,27.390000000000004
1324,29,2015,810201,27.6
1325,29,2015,810202,27.55
1326,29,2015,810203,29.895000000000003
1327,29,2015,810204,29.275
1328,29,2015,810205,27.64
1329,29,2015,810206,27.73
1330,29,2015,810303,25.935
1331,29,2015,810304,28.31
1332,29,2015,810305,26.895000000000003
1333,29,2015,810401,28.19
1334,29,2015,810402,29.02500000000001
1335,29,2015,810403,28.73
1336,29,2015,810404,27.485000000000007
1337,29,2015,810405,26.71
1338,29,2015,810406,28.145000000000003
1339,29,2015,810407,27.745
1340,29,2015,810501,27.485000000000007
1341,29,2015,810503,27.799999999999994
1342,29,2015,810504,27.69
1343,29,2015,810505,26.25
1344,29,2015,810506,27.49
1345,29,2015,810507,26.495
1346,29,2015,810508,28.23
1347,29,2015,810509,28.645000000000003
1348,29,2015,810601,27.23
1349,29,2015,810602,28.03
1350,29,2015,810603,28.61000000000001
1351,29,2015,810604,27.49
1352,29,2015,810701,28.56
1353,29,2015,810702,29.62
1354,29,2015,810703,29.03
1355,29,2015,810704,29.07500000000001
1356,29,2015,810801,26.27
1357,29,2015,810803,27.0
1358,29,2015,810804,27.79
1359,29,2015,810805,26.890000000000004
1360,29,2015,810806,27.335
1361,29,2015,810807,27.335
1362,29,2015,810808,27.98
94,3,2015,810103,27.545
95,3,2015,810105,27.650714285714283
96,3,2015,810106,27.01660714285714
97,3,2015,810111,27.795178571428572
98,3,2015,810115,27.246785714285718
99,3,2015,810116,26.626964285714283
100,3,2015,810117,27.189285714285717
101,3,2015,810118,27.62375
102,3,2015,810201,27.56875
103,3,2015,810202,27.490714285714287
104,3,2015,810203,27.475
105,3,2015,810204,27.576428571428572
106,3,2015,810205,27.149642857142855
107,3,2015,810206,27.294285714285717
108,3,2015,810303,27.60267857142857
109,3,2015,810304,27.432321428571424
110,3,2015,810305,27.231964285714284
111,3,2015,810401,27.384821428571428
112,3,2015,810402,27.076428571428576
113,3,2015,810403,27.696964285714287
114,3,2015,810404,27.060535714285717
115,3,2015,810405,27.33982142857143
116,3,2015,810406,27.533214285714283
117,3,2015,810407,27.493928571428572
118,3,2015,810501,26.966607142857146
119,3,2015,810503,27.37910714285714
120,3,2015,810504,27.54017857142857
121,3,2015,810505,26.493928571428572
122,3,2015,810506,27.39785714285714
123,3,2015,810507,27.23892857142857
124,3,2015,810508,28.204285714285714
125,3,2015,810509,27.97339285714286
126,3,2015,810601,26.625000000000004
127,3,2015,810602,26.96821428571429
128,3,2015,810603,26.79642857142857
129,3,2015,810604,27.488571428571444
130,3,2015,810701,27.52125
131,3,2015,810702,28.10571428571429
132,3,2015,810703,27.64375
133,3,2015,810704,27.339107142857138
134,3,2015,810801,27.625714285714288
135,3,2015,810803,27.038035714285716
136,3,2015,810804,26.76535714285714
137,3,2015,810805,27.270892857142854
138,3,2015,810806,27.63142857142857
139,3,2015,810807,26.526607142857145
140,3,2015,810808,27.40892857142857
1363,30,2015,810103,26.69375
1364,30,2015,810105,26.370000000000005
1365,30,2015,810106,24.83875
1366,30,2015,810111,26.308750000000003
1367,30,2015,810115,27.03
1368,30,2015,810116,27.29125
1369,30,2015,810117,27.925
1370,30,2015,810118,27.2475
1371,30,2015,810201,26.01125
1372,30,2015,810202,27.22375
1373,30,2015,810203,29.76125
1374,30,2015,810204,29.58375
1375,30,2015,810205,26.555
1376,30,2015,810206,28.63875
1377,30,2015,810303,24.3425
1378,30,2015,810304,28.07875
1379,30,2015,810305,26.80375
1380,30,2015,810401,28.086250000000003
1381,30,2015,810402,29.035
1382,30,2015,810403,27.85
1383,30,2015,810404,26.11125
1384,30,2015,810405,27.88375
1385,30,2015,810406,28.1125
1386,30,2015,810407,28.27125
1387,30,2015,810501,25.87875
1388,30,2015,810503,28.174999999999994
1389,30,2015,810504,26.78875
1390,30,2015,810505,25.18875
1391,30,2015,810506,27.4225
1392,30,2015,810507,27.12375
1393,30,2015,810508,28.52625
1394,30,2015,810509,28.12
1395,30,2015,810601,27.65
1396,30,2015,810602,28.31875
1397,30,2015,810603,28.685
1398,30,2015,810604,28.04125
1399,30,2015,810701,28.491250000000004
1400,30,2015,810702,29.48125
1401,30,2015,810703,28.855
1402,30,2015,810704,29.9
1403,30,2015,810801,26.07625
1404,30,2015,810803,27.4475
1405,30,2015,810804,27.88375
1406,30,2015,810805,27.16625
1407,30,2015,810806,27.38375
1408,30,2015,810807,27.37
1409,30,2015,810808,28.04125
1410,31,2015,810103,26.651785714285715
1411,31,2015,810105,26.9775
1412,31,2015,810106,26.43321428571429
1413,31,2015,810111,25.023214285714282
1414,31,2015,810115,26.808214285714282
1415,31,2015,810116,26.107857142857146
1416,31,2015,810117,28.003214285714282
1417,31,2015,810118,27.87017857142857
1418,31,2015,810201,25.898571428571426
1419,31,2015,810202,28.010892857142853
1420,31,2015,810203,28.57767857142857
1421,31,2015,810204,28.38678571428571
1422,31,2015,810205,25.37732142857143
1423,31,2015,810206,29.056785714285716
1424,31,2015,810303,25.697321428571428
1425,31,2015,810304,27.923214285714288
1426,31,2015,810305,26.20232142857143
1427,31,2015,810401,28.458392857142854
1428,31,2015,810402,28.522142857142853
1429,31,2015,810403,27.395
1430,31,2015,810404,26.529464285714287
1431,31,2015,810405,27.666071428571428
1432,31,2015,810406,28.453392857142855
1433,31,2015,810407,28.95607142857143
1434,31,2015,810501,24.126964285714287
1435,31,2015,810503,29.061785714285712
1436,31,2015,810504,27.123392857142854
1437,31,2015,810505,25.933392857142852
1438,31,2015,810506,28.24732142857143
1439,31,2015,810507,28.569464285714282
1440,31,2015,810508,29.059464285714288
1441,31,2015,810509,28.294107142857147
1442,31,2015,810601,28.31125
1443,31,2015,810602,28.70321428571428
1444,31,2015,810603,28.57071428571428
1445,31,2015,810604,28.87482142857143
1446,31,2015,810701,28.644821428571426
1447,31,2015,810702,29.17625
1448,31,2015,810703,28.749285714285715
1449,31,2015,810704,29.774285714285718
1450,31,2015,810801,27.860000000000007
1451,31,2015,810803,27.889642857142853
1452,31,2015,810804,28.883571428571425
1453,31,2015,810805,28.19482142857143
1454,31,2015,810806,27.789285714285718
1455,31,2015,810807,28.08642857142857
1456,31,2015,810808,28.248392857142854
1457,32,2015,810103,27.681607142857143
1458,32,2015,810105,27.774285714285718
1459,32,2015,810106,27.76196428571429
1460,32,2015,810111,26.17875
1461,32,2015,810115,27.32428571428571
1462,32,2015,810116,26.580178571428572
1463,32,2015,810117,28.113571428571426
1464,32,2015,810118,28.619464285714287
1465,32,2015,810201,27.696964285714284
1466,32,2015,810202,28.53392857142857
1467,32,2015,810203,28.176785714285717
1468,32,2015,810204,27.50125
1469,32,2015,810205,26.39732142857143
1470,32,2015,810206,28.58732142857143
1471,32,2015,810303,27.927678571428576
1472,32,2015,810304,27.96089285714286
1473,32,2015,810305,25.62
1474,32,2015,810401,28.143214285714286
1475,32,2015,810402,27.555714285714284
1476,32,2015,810403,28.04678571428572
1477,32,2015,810404,26.50857142857143
1478,32,2015,810405,27.739464285714284
1479,32,2015,810406,28.52660714285714
1480,32,2015,810407,28.87125
1481,32,2015,810501,25.045714285714286
1482,32,2015,810503,29.5375
1483,32,2015,810504,28.29392857142857
1484,32,2015,810505,27.24642857142857
1485,32,2015,810506,29.06517857142857
1486,32,2015,810507,29.36357142857143
1487,32,2015,810508,29.25392857142857
1488,32,2015,810509,28.742321428571426
1489,32,2015,810601,28.340892857142855
1490,32,2015,810602,28.43517857142857
1491,32,2015,810603,28.134285714285717
1492,32,2015,810604,28.74285714285714
1493,32,2015,810701,28.389285714285712
1494,32,2015,810702,29.007142857142853
1495,32,2015,810703,28.826785714285712
1496,32,2015,810704,28.47392857142857
1497,32,2015,810801,29.47517857142857
1498,32,2015,810803,28.34107142857143
1499,32,2015,810804,29.51267857142857
1500,32,2015,810805,28.92142857142857
1501,32,2015,810806,28.594107142857137
1502,32,2015,810807,28.592142857142854
1503,32,2015,810808,28.35
1504,33,2015,810103,28.96035714285714
1505,33,2015,810105,27.948214285714286
1506,33,2015,810106,28.17214285714286
1507,33,2015,810111,28.67
1508,33,2015,810115,28.851071428571423
1509,33,2015,810116,27.627142857142857
1510,33,2015,810117,28.606785714285714
1511,33,2015,810118,28.935
1512,33,2015,810201,29.537499999999994
1513,33,2015,810202,28.623214285714287
1514,33,2015,810203,28.97892857142858
1515,33,2015,810204,28.270714285714284
1516,33,2015,810205,29.096785714285716
1517,33,2015,810206,29.12357142857143
1518,33,2015,810303,28.14357142857143
1519,33,2015,810304,28.619642857142853
1520,33,2015,810305,26.65892857142857
1521,33,2015,810401,27.5725
1522,33,2015,810402,27.29785714285714
1523,33,2015,810403,28.554642857142852
1524,33,2015,810404,20.178214285714287
1525,33,2015,810405,28.460357142857145
1526,33,2015,810406,28.24
1527,33,2015,810407,28.557142857142853
1528,33,2015,810501,27.399642857142855
1529,33,2015,810503,30.04607142857143
1530,33,2015,810504,28.52392857142857
1531,33,2015,810505,27.9175
1532,33,2015,810506,29.21821428571429
1533,33,2015,810507,30.652857142857147
1534,33,2015,810508,29.398214285714282
1535,33,2015,810509,28.91071428571429
1536,33,2015,810601,28.63
1537,33,2015,810602,28.227142857142855
1538,33,2015,810603,28.903214285714284
1539,33,2015,810604,28.73821428571428
1540,33,2015,810701,28.03464285714286
1541,33,2015,810702,29.285000000000004
1542,33,2015,810703,28.549285714285713
1543,33,2015,810704,28.489642857142854
1544,33,2015,810801,29.649285714285718
1545,33,2015,810803,27.829285714285717
1546,33,2015,810804,29.32785714285714
1547,33,2015,810805,29.625000000000004
1548,33,2015,810806,28.3525
1549,33,2015,810807,28.70642857142857
1550,33,2015,810808,28.810357142857143
1551,34,2015,810103,29.29642857142857
1552,34,2015,810105,29.040535714285717
1553,34,2015,810106,29.188214285714285
1554,34,2015,810111,29.414107142857148
1555,34,2015,810115,29.83107142857143
1556,34,2015,810116,28.406607142857148
1557,34,2015,810117,29.39071428571428
1558,34,2015,810118,29.30767857142857
1559,34,2015,810201,29.906785714285718
1560,34,2015,810202,28.8525
1561,34,2015,810203,29.12982142857143
1562,34,2015,810204,28.36125
1563,34,2015,810205,29.67267857142857
1564,34,2015,810206,29.67
1565,34,2015,810303,28.823035714285716
1566,34,2015,810304,29.314285714285717
1567,34,2015,810305,28.07625
1568,34,2015,810401,28.53
1569,34,2015,810402,28.478928571428572
1570,34,2015,810403,28.993035714285718
1571,34,2015,810404,20.44928571428571
1572,34,2015,810405,29.27892857142857
1573,34,2015,810406,28.66392857142857
1574,34,2015,810407,28.37767857142857
1575,34,2015,810501,28.161785714285717
1576,34,2015,810503,30.22107142857143
1577,34,2015,810504,28.55892857142857
1578,34,2015,810505,28.869285714285716
1579,34,2015,810506,28.85571428571429
1580,34,2015,810507,30.811250000000005
1581,34,2015,810508,29.052678571428572
1582,34,2015,810509,29.59035714285714
1583,34,2015,810601,29.09607142857143
1584,34,2015,810602,28.853035714285717
1585,34,2015,810603,30.211071428571426
1586,34,2015,810604,29.036249999999995
1587,34,2015,810701,28.720535714285717
1588,34,2015,810702,30.18410714285714
1589,34,2015,810703,28.747857142857143
1590,34,2015,810704,29.55142857142857
1591,34,2015,810801,30.01910714285714
1592,34,2015,810803,28.103571428571428
1593,34,2015,810804,29.44517857142857
1594,34,2015,810805,29.513749999999995
1595,34,2015,810806,28.518392857142853
1596,34,2015,810807,28.482321428571435
1597,34,2015,810808,29.060535714285717
1598,35,2015,810103,29.60017857142857
1599,35,2015,810105,29.66482142857143
1600,35,2015,810106,29.596607142857145
1601,35,2015,810111,29.51839285714286
1602,35,2015,810115,29.663035714285712
1603,35,2015,810116,28.52892857142857
1604,35,2015,810117,29.19571428571428
1605,35,2015,810118,29.712857142857143
1606,35,2015,810201,29.39982142857143
1607,35,2015,810202,28.815535714285716
1608,35,2015,810203,29.00392857142857
1609,35,2015,810204,28.67482142857143
1610,35,2015,810205,29.30142857142857
1611,35,2015,810206,29.75767857142857
1612,35,2015,810303,28.955535714285716
1613,35,2015,810304,29.14517857142857
1614,35,2015,810305,28.1625
1615,35,2015,810401,29.161250000000006
1616,35,2015,810402,29.072857142857146
1617,35,2015,810403,29.16857142857143
1618,35,2015,810404,27.05767857142857
1619,35,2015,810405,29.1875
1620,35,2015,810406,29.32392857142857
1621,35,2015,810407,28.79
1622,35,2015,810501,29.3375
1623,35,2015,810503,29.52696428571429
1624,35,2015,810504,28.39428571428571
1625,35,2015,810505,28.99607142857143
1626,35,2015,810506,28.165535714285717
1627,35,2015,810507,28.963035714285716
1628,35,2015,810508,28.066071428571423
1629,35,2015,810509,29.44857142857143
1630,35,2015,810601,29.24607142857143
1631,35,2015,810602,29.51875
1632,35,2015,810603,30.049821428571423
1633,35,2015,810604,29.335
1634,35,2015,810701,29.4
1635,35,2015,810702,30.525
1636,35,2015,810703,29.310892857142854
1637,35,2015,810704,30.294285714285717
1638,35,2015,810801,30.628035714285716
1639,35,2015,810803,28.751607142857146
1640,35,2015,810804,29.829821428571428
1641,35,2015,810805,29.375535714285718
1642,35,2015,810806,28.705357142857146
1643,35,2015,810807,28.469642857142855
1644,35,2015,810808,29.280535714285715
1645,36,2015,810103,30.108750000000004
1646,36,2015,810105,29.697499999999994
1647,36,2015,810106,29.69125
1648,36,2015,810111,29.5575
1649,36,2015,810115,29.46375
1650,36,2015,810116,28.363750000000003
1651,36,2015,810117,28.9
1652,36,2015,810118,29.643750000000004
1653,36,2015,810201,29.52625
1654,36,2015,810202,29.203750000000007
1655,36,2015,810203,29.20875000000001
1656,36,2015,810204,29.165000000000006
1657,36,2015,810205,29.22375
1658,36,2015,810206,29.643749999999994
1659,36,2015,810303,29.1675
1660,36,2015,810304,29.39375
1661,36,2015,810305,28.02625
1662,36,2015,810401,29.50625
1663,36,2015,810402,29.3675
1664,36,2015,810403,29.47125
1665,36,2015,810404,29.64625
1666,36,2015,810405,29.7375
1667,36,2015,810406,29.8175
1668,36,2015,810407,29.44375
1669,36,2015,810501,29.9725
1670,36,2015,810503,29.15875
1671,36,2015,810504,28.4825
1672,36,2015,810505,28.91
1673,36,2015,810506,28.07625000000001
1674,36,2015,810507,28.2575
1675,36,2015,810508,27.85625
1676,36,2015,810509,29.1675
1677,36,2015,810601,29.335
1678,36,2015,810602,29.7075
1679,36,2015,810603,29.44875
1680,36,2015,810604,29.53875
1681,36,2015,810701,29.78375
1682,36,2015,810702,30.43625
1683,36,2015,810703,29.81875
1684,36,2015,810704,30.389999999999993
1685,36,2015,810801,30.98
1686,36,2015,810803,29.35375
1687,36,2015,810804,30.185
1688,36,2015,810805,29.8575
1689,36,2015,810806,28.96875
1690,36,2015,810807,29.41875
1691,36,2015,810808,29.6025
1692,37,2015,810103,30.73500000000001
1693,37,2015,810105,29.115
1694,37,2015,810106,28.0
1695,37,2015,810111,27.795000000000005
1696,37,2015,810115,29.475
1697,37,2015,810116,28.715
1698,37,2015,810117,29.17
1699,37,2015,810118,29.47
1700,37,2015,810201,29.57500000000001
1701,37,2015,810202,29.365
1702,37,2015,810203,29.355
1703,37,2015,810204,29.13
1704,37,2015,810205,29.1
1705,37,2015,810206,29.595
1706,37,2015,810303,29.355
1707,37,2015,810304,29.685
1708,37,2015,810305,28.04
1709,37,2015,810401,29.215
1710,37,2015,810402,28.895
1711,37,2015,810403,27.815
1712,37,2015,810404,29.57
1713,37,2015,810405,29.495
1714,37,2015,810406,29.225
1715,37,2015,810407,29.285
1716,37,2015,810501,29.5
1717,37,2015,810503,29.025
1718,37,2015,810504,28.34
1719,37,2015,810505,28.08
1720,37,2015,810506,28.405
1721,37,2015,810507,28.925
1722,37,2015,810508,28.344999999999995
1723,37,2015,810509,28.705
1724,37,2015,810601,29.235
1725,37,2015,810602,29.594999999999995
1726,37,2015,810603,29.085
1727,37,2015,810604,29.765
1728,37,2015,810701,28.99
1729,37,2015,810702,30.390000000000004
1730,37,2015,810703,29.81
1731,37,2015,810704,29.78
1732,37,2015,810801,30.865
1733,37,2015,810803,29.460000000000004
1734,37,2015,810804,30.02
1735,37,2015,810805,29.95
1736,37,2015,810806,29.315
1737,37,2015,810807,29.640000000000004
1738,37,2015,810808,29.860000000000007
1739,38,2015,810103,30.71625
1740,38,2015,810105,28.58125
1741,38,2015,810106,26.08375
1742,38,2015,810111,25.74375
1743,38,2015,810115,29.08875
1744,38,2015,810116,29.29875
1745,38,2015,810117,29.428750000000004
1746,38,2015,810118,29.330000000000005
1747,38,2015,810201,29.2375
1748,38,2015,810202,29.1025
1749,38,2015,810203,29.18625
1750,38,2015,810204,28.6075
1751,38,2015,810205,28.51125
1752,38,2015,810206,29.27625
1753,38,2015,810303,28.875
1754,38,2015,810304,29.005
1755,38,2015,810305,27.73125
1756,38,2015,810401,28.147500000000004
1757,38,2015,810402,27.69125
1758,38,2015,810403,25.05625
1759,38,2015,810404,28.7925
1760,38,2015,810405,28.165
1761,38,2015,810406,27.75875
1762,38,2015,810407,28.3725
1763,38,2015,810501,28.6
1764,38,2015,810503,28.71125
1765,38,2015,810504,27.89375
1766,38,2015,810505,27.31
1767,38,2015,810506,28.37
1768,38,2015,810507,29.3525
1769,38,2015,810508,28.4175
1770,38,2015,810509,28.23125
1771,38,2015,810601,28.72625
1772,38,2015,810602,29.107499999999995
1773,38,2015,810603,28.68
1774,38,2015,810604,29.83375
1775,38,2015,810701,27.1275
1776,38,2015,810702,29.85625
1777,38,2015,810703,28.74375
1778,38,2015,810704,28.6225
1779,38,2015,810801,30.50625
1780,38,2015,810803,29.01875
1781,38,2015,810804,29.4575
1782,38,2015,810805,29.165
1783,38,2015,810806,29.2525
1784,38,2015,810807,28.766250000000007
1785,38,2015,810808,29.78375
1786,39,2015,810103,29.682321428571424
1787,39,2015,810105,28.41428571428571
1788,39,2015,810106,26.215892857142855
1789,39,2015,810111,25.923392857142854
1790,39,2015,810115,27.95392857142857
1791,39,2015,810116,28.899285714285718
1792,39,2015,810117,28.94607142857143
1793,39,2015,810118,29.034285714285716
1794,39,2015,810201,29.033214285714283
1795,39,2015,810202,28.94392857142857
1796,39,2015,810203,29.35517857142857
1797,39,2015,810204,28.412857142857145
1798,39,2015,810205,27.822678571428565
1799,39,2015,810206,29.17517857142857
1800,39,2015,810303,28.016964285714284
1801,39,2015,810304,27.825714285714287
1802,39,2015,810305,26.955
1803,39,2015,810401,27.45
1804,39,2015,810402,27.083214285714288
1805,39,2015,810403,24.49535714285714
1806,39,2015,810404,27.727857142857147
1807,39,2015,810405,27.46857142857143
1808,39,2015,810406,27.29303571428572
1809,39,2015,810407,28.164821428571425
1810,39,2015,810501,28.167857142857148
1811,39,2015,810503,28.39446428571429
1812,39,2015,810504,27.699107142857148
1813,39,2015,810505,27.58625
1814,39,2015,810506,27.970357142857146
1815,39,2015,810507,28.740535714285713
1816,39,2015,810508,28.056071428571425
1817,39,2015,810509,28.371250000000003
1818,39,2015,810601,28.048928571428572
1819,39,2015,810602,28.292678571428567
1820,39,2015,810603,27.84875
1821,39,2015,810604,29.42892857142857
1822,39,2015,810701,26.166607142857146
1823,39,2015,810702,29.066607142857148
1824,39,2015,810703,27.740357142857146
1825,39,2015,810704,27.85857142857143
1826,39,2015,810801,30.15285714285714
1827,39,2015,810803,28.638035714285717
1828,39,2015,810804,29.12625
1829,39,2015,810805,28.569107142857145
1830,39,2015,810806,28.746964285714284
1831,39,2015,810807,28.130000000000006
1832,39,2015,810808,29.61625
141,4,2015,810103,28.555000000000003
142,4,2015,810105,28.832500000000003
143,4,2015,810106,28.0725
144,4,2015,810111,28.7175
145,4,2015,810115,28.23625
146,4,2015,810116,28.076250000000005
147,4,2015,810117,28.1475
148,4,2015,810118,28.21875
149,4,2015,810201,28.329999999999995
150,4,2015,810202,28.930000000000003
151,4,2015,810203,28.883750000000006
152,4,2015,810204,28.575
153,4,2015,810205,27.8725
154,4,2015,810206,28.527500000000003
155,4,2015,810303,28.453750000000007
156,4,2015,810304,28.24875
157,4,2015,810305,27.555
158,4,2015,810401,28.297500000000007
159,4,2015,810402,28.03
160,4,2015,810403,28.5425
161,4,2015,810404,28.363750000000003
162,4,2015,810405,28.20125
163,4,2015,810406,28.6125
164,4,2015,810407,28.621250000000003
165,4,2015,810501,28.336250000000003
166,4,2015,810503,28.423749999999995
167,4,2015,810504,28.31625
168,4,2015,810505,27.585
169,4,2015,810506,28.2125
170,4,2015,810507,28.360000000000007
171,4,2015,810508,28.6275
172,4,2015,810509,28.8225
173,4,2015,810601,27.425000000000004
174,4,2015,810602,27.73875
175,4,2015,810603,27.70625
176,4,2015,810604,28.35125
177,4,2015,810701,28.38
178,4,2015,810702,28.89375
179,4,2015,810703,28.31875
180,4,2015,810704,28.205000000000005
181,4,2015,810801,28.453750000000007
182,4,2015,810803,27.8725
183,4,2015,810804,28.44625
184,4,2015,810805,28.425
185,4,2015,810806,28.241250000000004
186,4,2015,810807,27.992500000000003
187,4,2015,810808,28.58875
1833,40,2015,810103,28.31642857142857
1834,40,2015,810105,27.67089285714286
1835,40,2015,810106,27.349285714285717
1836,40,2015,810111,27.091785714285717
1837,40,2015,810115,26.384464285714284
1838,40,2015,810116,26.915892857142854
1839,40,2015,810117,27.494464285714287
1840,40,2015,810118,28.41785714285714
1841,40,2015,810201,29.09
1842,40,2015,810202,29.041428571428572
1843,40,2015,810203,30.16
1844,40,2015,810204,28.84642857142857
1845,40,2015,810205,27.674642857142853
1846,40,2015,810206,30.204285714285717
1847,40,2015,810303,27.982321428571428
1848,40,2015,810304,27.892857142857146
1849,40,2015,810305,26.402321428571433
1850,40,2015,810401,28.03892857142857
1851,40,2015,810402,27.75482142857143
1852,40,2015,810403,26.995535714285715
1853,40,2015,810404,27.70285714285714
1854,40,2015,810405,28.21392857142857
1855,40,2015,810406,29.12928571428571
1856,40,2015,810407,29.357678571428572
1857,40,2015,810501,28.244642857142857
1858,40,2015,810503,28.478214285714284
1859,40,2015,810504,27.85642857142857
1860,40,2015,810505,27.714464285714282
1861,40,2015,810506,28.041785714285712
1862,40,2015,810507,28.063035714285718
1863,40,2015,810508,28.431785714285716
1864,40,2015,810509,29.0775
1865,40,2015,810601,27.72732142857143
1866,40,2015,810602,27.821964285714284
1867,40,2015,810603,27.06625
1868,40,2015,810604,28.62267857142857
1869,40,2015,810701,27.924107142857146
1870,40,2015,810702,29.545714285714286
1871,40,2015,810703,28.965535714285718
1872,40,2015,810704,28.580714285714286
1873,40,2015,810801,29.263035714285714
1874,40,2015,810803,28.788928571428574
1875,40,2015,810804,29.013750000000005
1876,40,2015,810805,29.168392857142855
1877,40,2015,810806,28.468035714285715
1878,40,2015,810807,28.375892857142855
1879,40,2015,810808,29.57071428571428
1880,41,2015,810103,26.894642857142852
1881,41,2015,810105,26.162857142857145
1882,41,2015,810106,27.43607142857143
1883,41,2015,810111,25.902857142857147
1884,41,2015,810115,24.73357142857143
1885,41,2015,810116,25.4275
1886,41,2015,810117,24.945357142857148
1887,41,2015,810118,27.51607142857143
1888,41,2015,810201,28.410000000000004
1889,41,2015,810202,28.500357142857148
1890,41,2015,810203,29.143214285714286
1891,41,2015,810204,28.232142857142854
1892,41,2015,810205,27.41357142857143
1893,41,2015,810206,29.861071428571424
1894,41,2015,810303,28.065357142857145
1895,41,2015,810304,28.24
1896,41,2015,810305,26.454285714285717
1897,41,2015,810401,26.890357142857145
1898,41,2015,810402,26.567499999999995
1899,41,2015,810403,27.795
1900,41,2015,810404,27.801785714285717
1901,41,2015,810405,27.3475
1902,41,2015,810406,29.84142857142857
1903,41,2015,810407,28.773571428571426
1904,41,2015,810501,28.13357142857143
1905,41,2015,810503,28.30107142857143
1906,41,2015,810504,27.133928571428577
1907,41,2015,810505,26.023214285714282
1908,41,2015,810506,28.018214285714286
1909,41,2015,810507,28.0675
1910,41,2015,810508,28.34821428571429
1911,41,2015,810509,28.7975
1912,41,2015,810601,27.38607142857143
1913,41,2015,810602,27.957500000000003
1914,41,2015,810603,27.547857142857147
1915,41,2015,810604,28.05142857142857
1916,41,2015,810701,29.288928571428574
1917,41,2015,810702,30.10964285714286
1918,41,2015,810703,29.93392857142857
1919,41,2015,810704,29.441785714285718
1920,41,2015,810801,26.58214285714286
1921,41,2015,810803,28.182857142857138
1922,41,2015,810804,27.6525
1923,41,2015,810805,28.506071428571428
1924,41,2015,810806,27.965
1925,41,2015,810807,27.540714285714284
1926,41,2015,810808,28.08107142857143
1927,42,2015,810103,26.931607142857143
1928,42,2015,810105,26.61750000000001
1929,42,2015,810106,28.37071428571429
1930,42,2015,810111,26.819285714285716
1931,42,2015,810115,25.93767857142857
1932,42,2015,810116,27.069821428571423
1933,42,2015,810117,25.2
1934,42,2015,810118,27.705535714285716
1935,42,2015,810201,27.07089285714286
1936,42,2015,810202,28.43767857142857
1937,42,2015,810203,28.298571428571424
1938,42,2015,810204,27.466964285714283
1939,42,2015,810205,27.339642857142852
1940,42,2015,810206,28.7925
1941,42,2015,810303,28.28875
1942,42,2015,810304,28.52660714285714
1943,42,2015,810305,27.040535714285713
1944,42,2015,810401,26.431428571428572
1945,42,2015,810402,25.979285714285712
1946,42,2015,810403,28.24642857142857
1947,42,2015,810404,29.373035714285717
1948,42,2015,810405,26.983750000000004
1949,42,2015,810406,29.18107142857143
1950,42,2015,810407,27.775535714285716
1951,42,2015,810501,28.431249999999995
1952,42,2015,810503,28.170178571428572
1953,42,2015,810504,26.95214285714286
1954,42,2015,810505,26.223392857142862
1955,42,2015,810506,28.124642857142852
1956,42,2015,810507,28.64375
1957,42,2015,810508,28.045535714285716
1958,42,2015,810509,28.861964285714283
1959,42,2015,810601,27.3
1960,42,2015,810602,28.017499999999995
1961,42,2015,810603,28.4275
1962,42,2015,810604,28.02625
1963,42,2015,810701,29.00142857142857
1964,42,2015,810702,29.680357142857147
1965,42,2015,810703,29.201428571428572
1966,42,2015,810704,29.815714285714282
1967,42,2015,810801,25.03357142857143
1968,42,2015,810803,27.747857142857146
1969,42,2015,810804,27.263928571428572
1970,42,2015,810805,27.438214285714285
1971,42,2015,810806,27.923928571428576
1972,42,2015,810807,27.58142857142857
1973,42,2015,810808,26.77982142857143
1974,43,2015,810103,27.603035714285717
1975,43,2015,810105,26.685357142857143
1976,43,2015,810106,28.600357142857145
1977,43,2015,810111,28.517142857142854
1978,43,2015,810115,27.333571428571428
1979,43,2015,810116,28.44232142857143
1980,43,2015,810117,27.34035714285714
1981,43,2015,810118,27.138392857142858
1982,43,2015,810201,27.21875
1983,43,2015,810202,28.957321428571426
1984,43,2015,810203,28.954285714285717
1985,43,2015,810204,27.955535714285713
1986,43,2015,810205,27.91875
1987,43,2015,810206,28.9775
1988,43,2015,810303,27.558035714285715
1989,43,2015,810304,27.830892857142853
1990,43,2015,810305,26.63625
1991,43,2015,810401,28.034285714285716
1992,43,2015,810402,27.43017857142857
1993,43,2015,810403,27.415357142857147
1994,43,2015,810404,30.333928571428572
1995,43,2015,810405,27.26642857142857
1996,43,2015,810406,28.979107142857146
1997,43,2015,810407,28.395535714285717
1998,43,2015,810501,27.829464285714284
1999,43,2015,810503,28.77285714285714
2000,43,2015,810504,26.680892857142855
2001,43,2015,810505,26.930892857142858
2002,43,2015,810506,28.57357142857143
2003,43,2015,810507,28.369642857142853
2004,43,2015,810508,28.58553571428572
2005,43,2015,810509,29.191964285714285
2006,43,2015,810601,26.989642857142854
2007,43,2015,810602,28.181964285714287
2008,43,2015,810603,28.630535714285717
2009,43,2015,810604,28.425892857142852
2010,43,2015,810701,28.868392857142855
2011,43,2015,810702,29.5375
2012,43,2015,810703,28.96821428571429
2013,43,2015,810704,29.851607142857148
2014,43,2015,810801,25.725535714285712
2015,43,2015,810803,27.055714285714284
2016,43,2015,810804,27.36357142857143
2017,43,2015,810805,28.107857142857146
2018,43,2015,810806,28.23732142857143
2019,43,2015,810807,27.64625
2020,43,2015,810808,26.9475
2021,44,2015,810103,27.585000000000004
2022,44,2015,810105,26.235
2023,44,2015,810106,28.2725
2024,44,2015,810111,28.7625
2025,44,2015,810115,27.21375
2026,44,2015,810116,28.445
2027,44,2015,810117,28.09
2028,44,2015,810118,25.845
2029,44,2015,810201,28.0175
2030,44,2015,810202,28.7925
2031,44,2015,810203,29.0125
2032,44,2015,810204,28.245
2033,44,2015,810205,27.81375
2034,44,2015,810206,28.807500000000005
2035,44,2015,810303,26.57
2036,44,2015,810304,26.4825
2037,44,2015,810305,25.5625
2038,44,2015,810401,28.1925
2039,44,2015,810402,27.95375
2040,44,2015,810403,26.4075
2041,44,2015,810404,29.13875
2042,44,2015,810405,26.52125
2043,44,2015,810406,28.608750000000004
2044,44,2015,810407,28.4375
2045,44,2015,810501,27.1825
2046,44,2015,810503,28.93625
2047,44,2015,810504,26.54875
2048,44,2015,810505,26.6525
2049,44,2015,810506,28.575
2050,44,2015,810507,27.73875
2051,44,2015,810508,28.652500000000003
2052,44,2015,810509,28.905
2053,44,2015,810601,26.5925
2054,44,2015,810602,28.11875
2055,44,2015,810603,28.15625
2056,44,2015,810604,28.3775
2057,44,2015,810701,28.473749999999995
2058,44,2015,810702,29.1125
2059,44,2015,810703,28.5675
2060,44,2015,810704,28.88625
2061,44,2015,810801,26.18875
2062,44,2015,810803,26.14
2063,44,2015,810804,26.522500000000004
2064,44,2015,810805,28.392500000000005
2065,44,2015,810806,27.88625
2066,44,2015,810807,26.56875
2067,44,2015,810808,27.02375
2068,45,2015,810103,28.15
2069,45,2015,810105,26.775
2070,45,2015,810106,28.355
2071,45,2015,810111,28.95
2072,45,2015,810115,27.525
2073,45,2015,810116,28.355
2074,45,2015,810117,28.37
2075,45,2015,810118,26.035
2076,45,2015,810201,28.505
2077,45,2015,810202,28.165
2078,45,2015,810203,28.56
2079,45,2015,810204,28.110000000000007
2080,45,2015,810205,26.945
2081,45,2015,810206,28.555000000000003
2082,45,2015,810303,26.9
2083,45,2015,810304,27.02
2084,45,2015,810305,25.58
2085,45,2015,810401,27.985
2086,45,2015,810402,27.805
2087,45,2015,810403,27.355
2088,45,2015,810404,28.455
2089,45,2015,810405,26.54
2090,45,2015,810406,28.365
2091,45,2015,810407,28.465
2092,45,2015,810501,27.54
2093,45,2015,810503,28.24
2094,45,2015,810504,26.77500000000001
2095,45,2015,810505,26.59
2096,45,2015,810506,28.15
2097,45,2015,810507,27.575
2098,45,2015,810508,28.085
2099,45,2015,810509,28.24
2100,45,2015,810601,26.625
2101,45,2015,810602,27.83
2102,45,2015,810603,27.355
2103,45,2015,810604,27.845
2104,45,2015,810701,28.35
2105,45,2015,810702,28.605
2106,45,2015,810703,28.155
2107,45,2015,810704,28.21
2108,45,2015,810801,26.52
2109,45,2015,810803,26.46
2110,45,2015,810804,26.48
2111,45,2015,810805,28.39
2112,45,2015,810806,27.545
2113,45,2015,810807,26.73
2114,45,2015,810808,27.635
2115,46,2015,810103,28.595
2116,46,2015,810105,27.69
2117,46,2015,810106,28.264999999999993
2118,46,2015,810111,29.18625
2119,46,2015,810115,28.4175
2120,46,2015,810116,28.175000000000004
2121,46,2015,810117,28.56375
2122,46,2015,810118,27.15875
2123,46,2015,810201,28.48625
2124,46,2015,810202,27.665
2125,46,2015,810203,28.00625
2126,46,2015,810204,27.82500000000001
2127,46,2015,810205,26.26375
2128,46,2015,810206,28.4225
2129,46,2015,810303,27.69125
2130,46,2015,810304,28.495
2131,46,2015,810305,26.31375
2132,46,2015,810401,28.205
2133,46,2015,810402,27.80625
2134,46,2015,810403,28.745
2135,46,2015,810404,28.33
2136,46,2015,810405,27.6875
2137,46,2015,810406,28.34625
2138,46,2015,810407,28.72125
2139,46,2015,810501,28.05125
2140,46,2015,810503,27.607500000000005
2141,46,2015,810504,26.757500000000004
2142,46,2015,810505,26.86125
2143,46,2015,810506,27.785
2144,46,2015,810507,27.85
2145,46,2015,810508,27.6975
2146,46,2015,810509,27.826249999999995
2147,46,2015,810601,26.80375
2148,46,2015,810602,27.672500000000007
2149,46,2015,810603,26.67375
2150,46,2015,810604,27.4475
2151,46,2015,810701,28.5
2152,46,2015,810702,28.5025
2153,46,2015,810703,28.143750000000004
2154,46,2015,810704,28.27625
2155,46,2015,810801,26.5025
2156,46,2015,810803,27.36125
2157,46,2015,810804,26.32125
2158,46,2015,810805,28.425
2159,46,2015,810806,27.4325
2160,46,2015,810807,27.78375
2161,46,2015,810808,28.204999999999995
2162,47,2015,810103,27.737142857142853
2163,47,2015,810105,27.78517857142857
2164,47,2015,810106,27.27482142857143
2165,47,2015,810111,28.522142857142853
2166,47,2015,810115,28.59857142857143
2167,47,2015,810116,27.39982142857143
2168,47,2015,810117,28.083571428571428
2169,47,2015,810118,27.219107142857148
2170,47,2015,810201,27.983214285714286
2171,47,2015,810202,27.41464285714286
2172,47,2015,810203,27.354107142857146
2173,47,2015,810204,27.453750000000007
2174,47,2015,810205,26.341785714285717
2175,47,2015,810206,27.99946428571429
2176,47,2015,810303,27.62946428571429
2177,47,2015,810304,28.364464285714288
2178,47,2015,810305,26.490714285714287
2179,47,2015,810401,28.128571428571423
2180,47,2015,810402,27.68875
2181,47,2015,810403,28.34107142857143
2182,47,2015,810404,27.431428571428572
2183,47,2015,810405,28.13232142857143
2184,47,2015,810406,28.0375
2185,47,2015,810407,28.375535714285718
2186,47,2015,810501,27.864821428571428
2187,47,2015,810503,27.517857142857146
2188,47,2015,810504,26.439642857142857
2189,47,2015,810505,26.689285714285717
2190,47,2015,810506,27.645178571428577
2191,47,2015,810507,27.666964285714286
2192,47,2015,810508,27.78267857142857
2193,47,2015,810509,27.763928571428572
2194,47,2015,810601,26.868392857142855
2195,47,2015,810602,27.693214285714287
2196,47,2015,810603,26.45267857142857
2197,47,2015,810604,27.44892857142857
2198,47,2015,810701,28.227142857142862
2199,47,2015,810702,28.48142857142857
2200,47,2015,810703,28.213214285714283
2201,47,2015,810704,28.28267857142857
2202,47,2015,810801,26.055535714285718
2203,47,2015,810803,27.255357142857147
2204,47,2015,810804,25.099107142857147
2205,47,2015,810805,28.130178571428576
2206,47,2015,810806,27.130357142857147
2207,47,2015,810807,27.76285714285714
2208,47,2015,810808,27.785892857142855
2209,48,2015,810103,26.612142857142853
2210,48,2015,810105,27.35946428571429
2211,48,2015,810106,26.22589285714286
2212,48,2015,810111,27.325535714285717
2213,48,2015,810115,27.775357142857146
2214,48,2015,810116,26.604107142857146
2215,48,2015,810117,27.154464285714287
2216,48,2015,810118,25.67285714285714
2217,48,2015,810201,27.251607142857136
2218,48,2015,810202,26.923928571428576
2219,48,2015,810203,26.68857142857143
2220,48,2015,810204,26.994464285714287
2221,48,2015,810205,26.56017857142857
2222,48,2015,810206,27.135535714285712
2223,48,2015,810303,27.112857142857145
2224,48,2015,810304,26.54982142857143
2225,48,2015,810305,26.23339285714286
2226,48,2015,810401,27.26107142857143
2227,48,2015,810402,26.76642857142857
2228,48,2015,810403,26.89071428571428
2229,48,2015,810404,26.40892857142857
2230,48,2015,810405,26.62160714285714
2231,48,2015,810406,27.197321428571428
2232,48,2015,810407,27.1825
2233,48,2015,810501,27.52785714285714
2234,48,2015,810503,27.121071428571426
2235,48,2015,810504,26.62892857142857
2236,48,2015,810505,26.03482142857143
2237,48,2015,810506,27.257321428571423
2238,48,2015,810507,26.27375
2239,48,2015,810508,27.55875
2240,48,2015,810509,27.337321428571425
2241,48,2015,810601,27.04214285714286
2242,48,2015,810602,27.375714285714285
2243,48,2015,810603,26.630357142857147
2244,48,2015,810604,27.14357142857143
2245,48,2015,810701,27.15357142857143
2246,48,2015,810702,27.67178571428572
2247,48,2015,810703,27.421250000000004
2248,48,2015,810704,27.35964285714286
2249,48,2015,810801,26.16089285714286
2250,48,2015,810803,26.18696428571429
2251,48,2015,810804,24.879642857142855
2252,48,2015,810805,27.283392857142857
2253,48,2015,810806,26.615357142857146
2254,48,2015,810807,26.75767857142857
2255,48,2015,810808,27.20696428571428
2256,49,2015,810103,26.146071428571425
2257,49,2015,810105,26.60642857142857
2258,49,2015,810106,25.882857142857148
2259,49,2015,810111,26.69571428571428
2260,49,2015,810115,26.566785714285718
2261,49,2015,810116,25.87
2262,49,2015,810117,26.201785714285712
2263,49,2015,810118,23.592857142857145
2264,49,2015,810201,27.345714285714283
2265,49,2015,810202,25.743928571428572
2266,49,2015,810203,26.149642857142855
2267,49,2015,810204,26.677142857142854
2268,49,2015,810205,26.25857142857143
2269,49,2015,810206,26.274642857142855
2270,49,2015,810303,26.34142857142857
2271,49,2015,810304,25.175000000000004
2272,49,2015,810305,26.3675
2273,49,2015,810401,26.209285714285713
2274,49,2015,810402,25.596785714285712
2275,49,2015,810403,25.884285714285717
2276,49,2015,810404,26.05071428571428
2277,49,2015,810405,25.40642857142857
2278,49,2015,810406,26.798928571428572
2279,49,2015,810407,26.47642857142857
2280,49,2015,810501,26.7375
2281,49,2015,810503,26.58642857142857
2282,49,2015,810504,26.375
2283,49,2015,810505,25.367142857142852
2284,49,2015,810506,26.37
2285,49,2015,810507,24.995
2286,49,2015,810508,26.912142857142854
2287,49,2015,810509,26.16357142857143
2288,49,2015,810601,26.621071428571433
2289,49,2015,810602,26.72357142857143
2290,49,2015,810603,26.744642857142853
2291,49,2015,810604,26.037857142857145
2292,49,2015,810701,25.937142857142852
2293,49,2015,810702,26.83964285714286
2294,49,2015,810703,25.916785714285716
2295,49,2015,810704,25.81
2296,49,2015,810801,26.10535714285714
2297,49,2015,810803,25.51178571428571
2298,49,2015,810804,25.321785714285717
2299,49,2015,810805,26.541428571428572
2300,49,2015,810806,26.395
2301,49,2015,810807,26.306071428571425
2302,49,2015,810808,27.327857142857145
188,5,2015,810103,29.72
189,5,2015,810105,29.98
190,5,2015,810106,29.325
191,5,2015,810111,29.55
192,5,2015,810115,29.37
193,5,2015,810116,29.385
194,5,2015,810117,29.3
195,5,2015,810118,29.19
196,5,2015,810201,29.24
197,5,2015,810202,30.33
198,5,2015,810203,30.245
199,5,2015,810204,29.495
200,5,2015,810205,28.65
201,5,2015,810206,29.73
202,5,2015,810303,29.3
203,5,2015,810304,29.32
204,5,2015,810305,28.065
205,5,2015,810401,29.44
206,5,2015,810402,28.795
207,5,2015,810403,29.630000000000006
208,5,2015,810404,29.42
209,5,2015,810405,29.585000000000004
210,5,2015,810406,29.610000000000007
211,5,2015,810407,29.475
212,5,2015,810501,29.375
213,5,2015,810503,29.275
214,5,2015,810504,28.945
215,5,2015,810505,28.395
216,5,2015,810506,28.9
217,5,2015,810507,29.295
218,5,2015,810508,29.059999999999995
219,5,2015,810509,29.57
220,5,2015,810601,28.25
221,5,2015,810602,28.765000000000004
222,5,2015,810603,28.825
223,5,2015,810604,29.18
224,5,2015,810701,29.19
225,5,2015,810702,29.605
226,5,2015,810703,29.015000000000004
227,5,2015,810704,28.725
228,5,2015,810801,30.004999999999995
229,5,2015,810803,28.985
230,5,2015,810804,30.345
231,5,2015,810805,29.35
232,5,2015,810806,29.194999999999997
233,5,2015,810807,29.445
234,5,2015,810808,29.49
2303,50,2015,810103,26.458392857142854
2304,50,2015,810105,26.513928571428572
2305,50,2015,810106,25.79375
2306,50,2015,810111,26.703750000000007
2307,50,2015,810115,26.16089285714286
2308,50,2015,810116,24.286250000000006
2309,50,2015,810117,25.140357142857138
2310,50,2015,810118,24.23517857142857
2311,50,2015,810201,27.330178571428572
2312,50,2015,810202,25.446607142857147
2313,50,2015,810203,26.129107142857148
2314,50,2015,810204,26.54642857142857
2315,50,2015,810205,26.38678571428572
2316,50,2015,810206,25.862142857142853
2317,50,2015,810303,26.45767857142857
2318,50,2015,810304,25.45357142857143
2319,50,2015,810305,26.434642857142855
2320,50,2015,810401,26.07803571428571
2321,50,2015,810402,25.397142857142853
2322,50,2015,810403,26.24482142857143
2323,50,2015,810404,26.373035714285717
2324,50,2015,810405,25.762857142857147
2325,50,2015,810406,26.50267857142857
2326,50,2015,810407,26.317678571428576
2327,50,2015,810501,26.41375
2328,50,2015,810503,26.853928571428572
2329,50,2015,810504,26.413571428571423
2330,50,2015,810505,25.785357142857148
2331,50,2015,810506,26.246785714285718
2332,50,2015,810507,25.521964285714287
2333,50,2015,810508,27.000535714285718
2334,50,2015,810509,25.905714285714282
2335,50,2015,810601,26.235535714285717
2336,50,2015,810602,26.615714285714287
2337,50,2015,810603,26.85482142857143
2338,50,2015,810604,26.04607142857143
2339,50,2015,810701,25.147500000000004
2340,50,2015,810702,26.345714285714283
2341,50,2015,810703,25.20642857142857
2342,50,2015,810704,24.93696428571429
2343,50,2015,810801,26.02267857142857
2344,50,2015,810803,25.40892857142857
2345,50,2015,810804,25.30607142857143
2346,50,2015,810805,26.258035714285718
2347,50,2015,810806,25.833214285714288
2348,50,2015,810807,26.116964285714282
2349,50,2015,810808,27.013392857142854
2350,51,2015,810103,27.785
2351,51,2015,810105,27.708928571428572
2352,51,2015,810106,27.105
2353,51,2015,810111,27.60214285714286
2354,51,2015,810115,27.328392857142855
2355,51,2015,810116,25.417142857142853
2356,51,2015,810117,26.26375
2357,51,2015,810118,26.82357142857143
2358,51,2015,810201,27.63125
2359,51,2015,810202,26.77035714285714
2360,51,2015,810203,27.177321428571428
2361,51,2015,810204,27.269107142857145
2362,51,2015,810205,27.25339285714286
2363,51,2015,810206,26.872857142857146
2364,51,2015,810303,27.277142857142852
2365,51,2015,810304,26.705535714285716
2366,51,2015,810305,26.90625
2367,51,2015,810401,27.10875
2368,51,2015,810402,26.483035714285712
2369,51,2015,810403,27.10017857142857
2370,51,2015,810404,26.945
2371,51,2015,810405,26.875714285714285
2372,51,2015,810406,27.05428571428572
2373,51,2015,810407,27.416428571428572
2374,51,2015,810501,27.2775
2375,51,2015,810503,27.759642857142854
2376,51,2015,810504,27.18017857142857
2377,51,2015,810505,27.185357142857146
2378,51,2015,810506,27.142321428571428
2379,51,2015,810507,27.03017857142857
2380,51,2015,810508,27.52857142857143
2381,51,2015,810509,27.03607142857143
2382,51,2015,810601,26.802142857142854
2383,51,2015,810602,27.34375
2384,51,2015,810603,27.370892857142852
2385,51,2015,810604,27.388928571428572
2386,51,2015,810701,26.200357142857147
2387,51,2015,810702,27.066607142857148
2388,51,2015,810703,26.304642857142852
2389,51,2015,810704,26.298035714285717
2390,51,2015,810801,27.538392857142853
2391,51,2015,810803,26.576249999999995
2392,51,2015,810804,26.931071428571425
2393,51,2015,810805,27.634107142857147
2394,51,2015,810806,26.281607142857137
2395,51,2015,810807,27.3225
2396,51,2015,810808,27.40357142857142
2397,52,2015,810103,28.669821428571428
2398,52,2015,810105,28.709642857142853
2399,52,2015,810106,28.337678571428572
2400,52,2015,810111,28.40732142857143
2401,52,2015,810115,28.416785714285712
2402,52,2015,810116,27.40125
2403,52,2015,810117,27.94089285714286
2404,52,2015,810118,28.12125
2405,52,2015,810201,28.05821428571429
2406,52,2015,810202,27.79625
2407,52,2015,810203,28.032857142857146
2408,52,2015,810204,27.921250000000004
2409,52,2015,810205,27.84482142857143
2410,52,2015,810206,27.85857142857143
2411,52,2015,810303,27.83517857142857
2412,52,2015,810304,27.559464285714284
2413,52,2015,810305,27.306607142857146
2414,52,2015,810401,27.74142857142857
2415,52,2015,810402,27.358035714285712
2416,52,2015,810403,27.823214285714283
2417,52,2015,810404,27.64517857142857
2418,52,2015,810405,27.818571428571428
2419,52,2015,810406,27.88232142857143
2420,52,2015,810407,28.336607142857147
2421,52,2015,810501,28.135892857142853
2422,52,2015,810503,28.253571428571423
2423,52,2015,810504,27.86017857142857
2424,52,2015,810505,28.181071428571425
2425,52,2015,810506,27.909107142857145
2426,52,2015,810507,28.022142857142853
2427,52,2015,810508,27.94625
2428,52,2015,810509,28.048571428571428
2429,52,2015,810601,27.488392857142852
2430,52,2015,810602,27.97196428571429
2431,52,2015,810603,27.73357142857143
2432,52,2015,810604,28.13142857142857
2433,52,2015,810701,27.38285714285714
2434,52,2015,810702,28.232321428571428
2435,52,2015,810703,27.483214285714286
2436,52,2015,810704,27.69928571428572
2437,52,2015,810801,28.458214285714284
2438,52,2015,810803,27.73803571428571
2439,52,2015,810804,28.225357142857145
2440,52,2015,810805,28.700714285714287
2441,52,2015,810806,27.198392857142853
2442,52,2015,810807,28.40232142857143
2443,52,2015,810808,28.066607142857148
2444,53,2015,810103,28.79125
2445,53,2015,810105,28.8725
2446,53,2015,810106,28.55625
2447,53,2015,810111,28.54875
2448,53,2015,810115,28.6025
2449,53,2015,810116,27.83125
2450,53,2015,810117,28.29375
2451,53,2015,810118,28.23125
2452,53,2015,810201,28.1525
2453,53,2015,810202,27.94625
2454,53,2015,810203,28.17
2455,53,2015,810204,28.03125
2456,53,2015,810205,27.92625
2457,53,2015,810206,28.030000000000005
2458,53,2015,810303,27.91375
2459,53,2015,810304,27.683750000000003
2460,53,2015,810305,27.37375
2461,53,2015,810401,27.81
2462,53,2015,810402,27.49375
2463,53,2015,810403,27.9575
2464,53,2015,810404,27.80375
2465,53,2015,810405,27.99
2466,53,2015,810406,28.06375
2467,53,2015,810407,28.48375
2468,53,2015,810501,28.28875
2469,53,2015,810503,28.305
2470,53,2015,810504,27.97875
2471,53,2015,810505,28.332500000000003
2472,53,2015,810506,28.036250000000006
2473,53,2015,810507,28.165
2474,53,2015,810508,28.01625
2475,53,2015,810509,28.22
2476,53,2015,810601,27.62125
2477,53,2015,810602,28.07625
2478,53,2015,810603,27.785
2479,53,2015,810604,28.2
2480,53,2015,810701,27.6
2481,53,2015,810702,28.49375
2482,53,2015,810703,27.6975
2483,53,2015,810704,27.945
2484,53,2015,810801,28.5525
2485,53,2015,810803,27.95375
2486,53,2015,810804,28.4225
2487,53,2015,810805,28.855
2488,53,2015,810806,27.41125
2489,53,2015,810807,28.58375
2490,53,2015,810808,28.21375
235,6,2015,810103,31.053750000000004
236,6,2015,810105,30.70375
237,6,2015,810106,30.3825
238,6,2015,810111,30.35625
239,6,2015,810115,30.54125
240,6,2015,810116,30.704999999999995
241,6,2015,810117,30.565
242,6,2015,810118,30.42375
243,6,2015,810201,30.7425
244,6,2015,810202,31.30625
245,6,2015,810203,31.40375
246,6,2015,810204,30.6775
247,6,2015,810205,29.60375
248,6,2015,810206,30.891250000000007
249,6,2015,810303,30.02625
250,6,2015,810304,30.169999999999995
251,6,2015,810305,28.69875
252,6,2015,810401,30.4025
253,6,2015,810402,29.49625
254,6,2015,810403,30.58625
255,6,2015,810404,30.19125
256,6,2015,810405,30.638750000000005
257,6,2015,810406,30.423749999999995
258,6,2015,810407,30.17875
259,6,2015,810501,30.0125
260,6,2015,810503,29.9125
261,6,2015,810504,29.51
262,6,2015,810505,28.9575
263,6,2015,810506,29.4975
264,6,2015,810507,29.91875
265,6,2015,810508,29.63875
266,6,2015,810509,30.268750000000004
267,6,2015,810601,29.075
268,6,2015,810602,29.80625
269,6,2015,810603,29.8425
270,6,2015,810604,29.817500000000006
271,6,2015,810701,30.06
272,6,2015,810702,30.33875
273,6,2015,810703,29.9475
274,6,2015,810704,29.245
275,6,2015,810801,31.83
276,6,2015,810803,30.014999999999993
277,6,2015,810804,31.7075
278,6,2015,810805,30.12125
279,6,2015,810806,30.18625
280,6,2015,810807,30.3725
281,6,2015,810808,30.3425
282,7,2015,810103,32.245892857142856
283,7,2015,810105,30.961071428571426
284,7,2015,810106,31.055714285714288
285,7,2015,810111,31.04321428571429
286,7,2015,810115,31.38785714285714
287,7,2015,810116,31.70642857142857
288,7,2015,810117,31.517857142857146
289,7,2015,810118,31.491964285714282
290,7,2015,810201,32.08
291,7,2015,810202,31.76482142857143
292,7,2015,810203,32.34535714285714
293,7,2015,810204,31.75821428571428
294,7,2015,810205,30.389642857142853
295,7,2015,810206,31.955892857142853
296,7,2015,810303,30.495535714285715
297,7,2015,810304,30.638928571428572
298,7,2015,810305,29.21142857142857
299,7,2015,810401,30.83089285714286
300,7,2015,810402,30.030535714285715
301,7,2015,810403,31.07732142857143
302,7,2015,810404,30.65267857142857
303,7,2015,810405,30.904285714285717
304,7,2015,810406,31.02875
305,7,2015,810407,31.10071428571429
306,7,2015,810501,30.617321428571433
307,7,2015,810503,30.51196428571428
308,7,2015,810504,29.998035714285717
309,7,2015,810505,29.476428571428574
310,7,2015,810506,30.005714285714284
311,7,2015,810507,30.39392857142857
312,7,2015,810508,30.089821428571433
313,7,2015,810509,30.805892857142855
314,7,2015,810601,29.757142857142853
315,7,2015,810602,30.617142857142852
316,7,2015,810603,30.65267857142857
317,7,2015,810604,30.11607142857143
318,7,2015,810701,30.702500000000004
319,7,2015,810702,31.093571428571433
320,7,2015,810703,30.900535714285716
321,7,2015,810704,29.896607142857146
322,7,2015,810801,33.441428571428574
323,7,2015,810803,30.600714285714282
324,7,2015,810804,32.61392857142857
325,7,2015,810805,31.12017857142857
326,7,2015,810806,30.803214285714287
327,7,2015,810807,31.14107142857143
328,7,2015,810808,31.49160714285714
329,8,2015,810103,32.59499999999999
330,8,2015,810105,30.78589285714286
331,8,2015,810106,30.87642857142857
332,8,2015,810111,31.153392857142855
333,8,2015,810115,31.242678571428577
334,8,2015,810116,31.33214285714286
335,8,2015,810117,31.335000000000004
336,8,2015,810118,31.693571428571428
337,8,2015,810201,31.871785714285718
338,8,2015,810202,31.46821428571429
339,8,2015,810203,32.46053571428572
340,8,2015,810204,31.67928571428572
341,8,2015,810205,30.351607142857148
342,8,2015,810206,32.035714285714285
343,8,2015,810303,30.240357142857142
344,8,2015,810304,30.755714285714284
345,8,2015,810305,29.413035714285712
346,8,2015,810401,30.573035714285716
347,8,2015,810402,29.721785714285716
348,8,2015,810403,30.818214285714284
349,8,2015,810404,30.497142857142855
350,8,2015,810405,30.839107142857145
351,8,2015,810406,30.992142857142852
352,8,2015,810407,31.611249999999995
353,8,2015,810501,30.947678571428565
354,8,2015,810503,30.82517857142857
355,8,2015,810504,30.09517857142857
356,8,2015,810505,29.442857142857147
357,8,2015,810506,30.268214285714286
358,8,2015,810507,30.47732142857143
359,8,2015,810508,30.337142857142855
360,8,2015,810509,31.040714285714284
361,8,2015,810601,29.89357142857143
362,8,2015,810602,30.798035714285714
363,8,2015,810603,30.846964285714282
364,8,2015,810604,29.999642857142852
365,8,2015,810701,30.55071428571429
366,8,2015,810702,31.550892857142852
367,8,2015,810703,31.10267857142857
368,8,2015,810704,30.424107142857146
369,8,2015,810801,33.89178571428572
370,8,2015,810803,30.5375
371,8,2015,810804,32.862857142857145
372,8,2015,810805,31.630714285714287
373,8,2015,810806,30.954107142857147
374,8,2015,810807,31.77
375,8,2015,810808,32.02232142857143
376,9,2015,810103,32.246785714285714
377,9,2015,810105,30.48142857142857
378,9,2015,810106,30.07357142857143
379,9,2015,810111,30.98464285714286
380,9,2015,810115,30.58214285714286
381,9,2015,810116,30.23
382,9,2015,810117,30.960357142857145
383,9,2015,810118,31.000714285714285
384,9,2015,810201,31.565000000000005
385,9,2015,810202,30.94892857142857
386,9,2015,810203,31.73464285714286
387,9,2015,810204,31.270714285714288
388,9,2015,810205,30.20392857142857
389,9,2015,810206,31.513928571428572
390,9,2015,810303,29.842500000000005
391,9,2015,810304,30.41857142857143
392,9,2015,810305,29.272142857142857
393,9,2015,810401,30.53892857142857
394,9,2015,810402,29.486071428571428
395,9,2015,810403,30.7175
396,9,2015,810404,30.880714285714284
397,9,2015,810405,31.189285714285717
398,9,2015,810406,30.730357142857148
399,9,2015,810407,31.533214285714283
400,9,2015,810501,30.98142857142857
401,9,2015,810503,30.82107142857143
402,9,2015,810504,30.022142857142853
403,9,2015,810505,28.600357142857145
404,9,2015,810506,30.8
405,9,2015,810507,30.2575
406,9,2015,810508,31.048928571428572
407,9,2015,810509,31.29214285714286
408,9,2015,810601,29.67535714285714
409,9,2015,810602,30.60892857142857
410,9,2015,810603,30.65892857142857
411,9,2015,810604,30.15642857142857
412,9,2015,810701,30.35928571428571
413,9,2015,810702,31.491071428571423
414,9,2015,810703,30.746785714285718
415,9,2015,810704,30.6775
416,9,2015,810801,32.53857142857142
417,9,2015,810803,30.505357142857147
418,9,2015,810804,31.606785714285717
419,9,2015,810805,31.62142857142857
420,9,2015,810806,31.127142857142854
421,9,2015,810807,31.78392857142857
422,9,2015,810808,31.71392857142857
